year,month,precip,rad,temp,heat,s_mois0_10,s_mois10_200,hum,NOI,A.fendleri,P.tovarense,H.moritziana,R.grandis,C.tremadena,B.reticulata,V. ferrugia,P.fendleri,G.olfenciana,E.amazonicum,M.dodecandra,G.latifolia,T.rubriverbium,E.americanus,Viburnum timoides var venezuelense,Aspidosperma fendleri,Protium  tovarense,Hyronima  moritziana,Richeria  grandis,Caracasia tremadena,Byrsonima reticulata,Vismia ferruginea,Palicurea fendleri,Guapira olfersiana,Erytroxylum amazonicum,Miconea dodecandra,Gaffenridia latifolia,Tretrorchidium rubriverbium,Eliocarpus americanus,Viburnum timoides var venezuelense
1983,1,4.9E-06,63,299.75,-0.8,0.1968,0.1462,0.0136,2.2,4,0,0,0,0,0,0,0,0,0,0,0,0,0,0,4,0,3,0,0,4,4,2,0,3,0,0,2,4,1
1983,2,0,66.4,302.59,-1.3,0.1366,0.1171,0.0125,1.9,4,0,0,0,0,0,0,0,0,0,0,0,0,0,0,2,0,2,0,0,4,4,2,0,3,0,0,2,4,2
1983,3,2.53E-05,55.3,302.83,-1.2,0.1893,0.1101,0.01465,1.5,0,0,0,0,5,0,0,0,5,0,3,0,0,0,0,3,0,4,0,0,4,2,1,0,0,0,0,1,5,0
1983,4,3.12E-05,49.1,302.25,-1.6,0.2542,0.1368,0.015900001,1.3,0,0,0,0,4,0,0,4,5,4,3,0,0,0,1,0,0,5,0,0,2,0,0,0,0,0,0,0,5,0
1983,5,4.06E-05,42.3,299.8,0.2,0.2806,0.1975,0.0178,1.1,0,0,0,0,0,0,0,5,4,5,5,0,0,0,2,0,0,0,0,5,1,0,0,0,0,0,0,0,5,0
1983,6,8.11E-05,42.6,297.98,0.8,0.3354,0.3036,0.018479999,0.7,0,0,0,3,0,0,4,5,4,5,1,4,0,0,4,0,0,0,0,5,0,0,0,0,0,4,0,0,0,0
1983,7,6.35E-05,45.3,297.46,-0.6,0.338,0.3372,0.01811,0.3,0,0,0,4,0,0,4,5,0,4,0,5,0,0,4,0,0,0,0,5,0,0,0,3,0,4,0,0,0,0
1983,8,7.47E-05,44.8,297.36,-1,0.3507,0.3507,0.01826,-0.1,0,0,0,4,0,0,5,5,0,0,0,3,0,0,4,0,0,0,0,4,0,0,0,2,0,3,0,0,0,0
1983,9,8.72E-05,44.8,297.07,-1,0.3628,0.3579,0.01839,-0.5,0,0,4,5,0,3,5,4,0,0,0,2,5,3,0,0,0,0,0,3,0,0,0,4,0,1,5,0,0,0
1983,10,8.33E-05,45,296.9,-0.6,0.3582,0.3425,0.01826,-0.8,5,0,5,0,0,2,2,0,0,0,0,0,5,4,0,0,0,0,3,3,0,0,3,5,4,0,4,0,0,3
1983,11,3.44E-05,52.4,297.68,-1.4,0.2892,0.2909,0.01675,-1,5,0,5,0,0,4,0,0,0,0,0,0,5,4,0,0,0,0,4,3,0,3,4,0,3,0,4,0,0,2
1983,12,2.9E-06,59.3,298.9,-0.7,0.2099,0.2001,0.01406,-0.9,5,0,5,0,0,5,0,0,0,0,0,0,5,4,0,0,0,0,3,0,0,2,4,0,3,0,1,0,0,1
1984,1,7E-07,65,299.86,-0.6,0.1508,0.1401,0.01271,-0.6,0,0,0,0,5,0,0,0,0,0,0,0,0,0,0,0,0,3,4,0,2,3,3,0,3,0,0,3,3,1
1984,2,2.3E-06,68.1,301.46,-0.8,0.126,0.1148,0.01216,-0.4,0,0,0,0,5,0,0,0,0,0,0,0,0,0,0,0,0,2,4,0,3,2,2,0,2,0,0,2,3,2
1984,3,1.9E-06,63.1,302.66,-0.9,0.1167,0.1065,0.01207,-0.3,3,0,0,0,5,0,0,0,3,0,0,0,0,0,0,0,0,4,2,0,4,1,1,0,0,0,0,4,3,0
1984,4,2.67E-05,60.6,301.76,-0.9,0.206,0.1279,0.01359,-0.4,4,0,0,0,4,0,0,5,4,5,4,0,0,0,5,0,0,4,0,0,5,0,0,0,0,0,0,0,3,0
1984,5,2E-05,50.2,300.02,-0.4,0.2591,0.1848,0.01558,-0.5,3,0,0,0,0,0,0,5,5,5,5,0,0,0,5,0,0,0,0,4,5,0,0,0,0,0,0,0,2,0
1984,6,3.81E-05,47.7,298.29,0.4,0.2876,0.2608,0.016860001,-0.4,3,0,0,0,0,0,3,5,5,5,5,4,0,0,5,0,0,0,0,5,0,0,0,0,0,0,0,0,0,0
1984,7,8.57E-05,44.3,296.45,1,0.3514,0.3267,0.0176,-0.3,2,0,0,0,0,0,3,5,0,0,4,5,0,0,5,0,0,0,0,5,0,0,0,3,0,3,0,0,0,0
1984,8,0.0001117,42.6,296.7,-0.5,0.3818,0.3699,0.01825,-0.2,0,0,0,0,0,0,4,5,0,0,0,3,0,0,4,0,0,0,0,5,0,0,0,2,0,4,0,0,0,0
1984,9,9.67E-05,44.5,296.91,-1.1,0.3804,0.382,0.01833,-0.2,0,0,3,0,0,5,5,5,0,0,0,2,5,2,0,0,0,0,0,3,0,0,0,1,0,3,3,0,0,0
1984,10,9.03E-05,42.9,296.92,-1.1,0.3663,0.3539,0.018370001,-0.6,0,0,4,0,0,5,5,0,0,0,0,0,5,2,0,3,0,0,0,2,0,0,4,1,4,0,3,0,0,3
1984,11,7.48E-05,43.6,296.52,-0.1,0.3467,0.3325,0.017969999,-0.9,0,0,5,0,0,4,0,0,0,0,0,0,5,2,0,4,0,0,0,2,0,1,5,1,3,0,3,0,0,3
1984,12,1.28E-05,53.7,297.17,-0.7,0.2474,0.2421,0.01547,-1.1,0,0,5,0,0,2,0,0,0,0,0,0,5,2,0,5,0,0,0,0,0,1,2,0,4,0,0,0,0,2
1985,1,1E-07,66.7,299.6,-0.3,0.1343,0.11,0.01252,-1,0,5,0,0,5,0,0,0,0,0,0,0,0,0,0,0,0,3,0,0,1,3,3,0,4,0,0,4,2,0
1985,2,1E-06,70.6,299.3,-0.5,0.1405,0.1259,0.01262,-0.8,0,5,0,0,4,0,0,0,0,0,0,0,0,0,0,3,0,1,0,0,2,2,2,0,4,0,0,4,2,0
1985,3,3.3E-06,62,301.59,-0.9,0.1343,0.1114,0.01274,-0.8,0,4,0,0,4,0,0,0,0,0,3,0,0,0,0,4,0,1,0,0,3,1,2,0,0,0,0,2,2,0
1985,4,4.52E-05,57.7,301,-0.1,0.1853,0.1322,0.01431,-0.8,0,3,0,0,4,0,0,0,2,3,2,0,0,0,3,5,0,1,0,0,4,0,0,0,0,0,0,0,3,0
1985,5,7.52E-05,45.5,297.64,0.2,0.3131,0.2301,0.017550001,-0.8,2,0,0,0,0,0,0,4,3,3,2,0,0,0,3,0,2,0,0,2,4,0,0,0,0,0,0,0,3,0
1985,6,5.6E-05,46.6,296.97,0.2,0.3207,0.313,0.017100001,-0.6,4,0,0,0,0,0,5,5,3,3,2,2,0,0,3,0,3,0,0,2,0,0,0,0,0,5,0,0,0,0
1985,7,7.03E-05,46.1,296.42,0.2,0.355,0.3494,0.01747,-0.5,5,0,0,0,0,0,4,3,0,2,0,2,0,0,3,0,3,0,0,3,0,0,0,3,0,5,0,0,0,0
1985,8,7.07E-05,45,296.86,-1.1,0.3532,0.3543,0.017820001,-0.5,0,0,0,0,0,0,4,3,0,0,0,2,0,0,3,0,5,0,0,3,0,0,0,4,0,3,0,0,0,0
1985,9,7.57E-05,44.7,296.88,-0.9,0.3557,0.3526,0.018060001,-0.4,0,0,5,0,0,5,5,2,0,0,0,2,4,4,0,0,5,0,0,5,0,0,0,4,0,0,5,0,0,0
1985,10,6.64E-05,44.2,297.04,-0.8,0.3342,0.3257,0.017899999,-0.3,0,0,5,0,0,4,5,0,0,0,0,1,4,4,0,0,5,0,0,5,0,0,3,3,3,0,5,0,0,4
1985,11,8.73E-05,41.6,296.56,0.1,0.3528,0.305,0.01815,-0.3,0,0,4,0,0,2,0,0,0,0,0,0,4,4,0,0,4,0,0,3,0,5,4,0,4,0,3,0,0,4
1985,12,1.33E-05,56.2,297.46,-0.8,0.2465,0.2421,0.0153,-0.4,0,0,4,0,0,1,0,0,0,0,0,0,4,4,0,0,3,0,0,0,0,5,5,0,4,0,0,0,0,4
1986,1,4.3E-06,61.7,298.77,-1,0.2034,0.165,0.01352,-0.5,0,0,0,0,5,0,0,0,0,0,0,0,0,0,0,0,4,5,0,0,5,3,3,0,3,0,0,2,3,1
1986,2,1.4E-06,63.7,300.8,-0.8,0.1472,0.1256,0.01229,-0.5,0,0,0,0,5,0,0,0,0,0,0,0,0,0,0,3,4,4,0,0,5,2,4,0,5,0,0,2,4,1
1987,3,4E-07,64.5,302.46,-0.9,0.1221,0.1105,0.01205,-0.3,0,0,0,0,5,0,0,0,5,0,5,0,0,0,0,4,2,2,0,0,5,1,3,0,1,0,0,3,4,0
1988,4,3.04E-05,53.3,302.38,-1.2,0.1939,0.1299,0.01458,-0.2,0,0,0,0,5,0,0,5,5,2,5,0,0,0,3,5,0,1,0,0,5,0,0,0,0,0,0,1,4,0
1989,5,5.64E-05,46.1,299.61,-0.3,0.2968,0.2013,0.017519999,-0.1,0,0,0,0,0,0,0,4,5,2,5,0,0,0,4,0,0,0,0,5,4,0,0,0,0,0,0,0,3,0
1990,6,8.12E-05,42.2,297.11,1.2,0.3408,0.3054,0.017729999,0,0,0,0,4,0,0,3,4,5,3,5,5,0,0,4,0,0,0,0,5,0,0,0,0,0,0,0,0,0,0
1991,7,8.69E-05,45.6,296.46,0.2,0.3673,0.3639,0.01746,0.2,0,0,0,5,0,0,3,4,0,3,0,5,0,0,4,0,0,0,0,4,0,0,0,3,0,4,0,0,0,0
1992,8,6.54E-05,44.8,296.83,-1.3,0.3462,0.354,0.017820001,0.4,0,0,0,5,0,0,4,4,0,0,0,5,0,0,4,0,0,0,0,4,0,0,0,2,0,5,0,0,0,0
1993,9,8.89E-05,43.2,297.09,-1.5,0.369,0.3643,0.018379999,0.7,0,0,3,0,0,5,4,4,0,0,0,5,3,5,0,0,0,0,5,4,0,0,0,5,0,4,1,0,0,0
1994,10,8.63E-05,41.8,296.94,-0.6,0.3616,0.3472,0.01835,0.9,3,0,4,0,0,3,4,0,0,0,0,3,4,5,0,0,0,0,5,2,0,0,2,1,1,4,1,0,0,5
1995,11,7.53E-05,42.1,296.49,-0.1,0.3455,0.3168,0.01777,1.1,4,0,5,0,0,2,0,0,0,0,0,0,4,5,0,0,0,0,5,2,0,4,4,0,3,0,3,0,0,4
1996,12,1.98E-05,55.8,297,-0.8,0.2644,0.2459,0.01555,1.2,5,0,5,0,0,2,0,0,0,0,0,0,4,5,0,0,0,0,4,0,0,3,5,0,4,0,0,0,2,4
1987,1,4.5E-06,66.4,299.21,-0.8,0.1959,0.1649,0.01322,1.2,0,0,0,0,4,0,0,0,0,0,0,0,0,0,0,2,0,3,4,0,3,4,4,0,2,0,0,1,4,1
1987,2,0,64.8,301.83,-1,0.1406,0.1249,0.01234,1.2,0,0,0,0,4,0,0,0,0,0,0,0,0,0,0,1,0,4,4,0,4,2,5,0,3,0,0,2,3,0
1987,3,1.86E-05,56.6,302.45,-0.7,0.1467,0.1104,0.0137,1.1,0,0,0,0,4,0,0,0,4,0,3,0,0,0,0,3,0,2,4,0,2,2,0,0,0,0,0,2,3,0
1987,4,2.8E-05,54.4,302.11,-2.5,0.2595,0.1363,0.01537,0.9,0,0,0,0,3,0,0,2,4,2,3,0,0,0,3,4,0,1,3,0,3,0,0,0,0,0,0,1,3,0
1987,5,8.28E-05,44.7,300.25,0.4,0.3017,0.2058,0.01743,1,0,0,0,0,0,0,0,2,5,3,3,0,0,0,4,0,0,0,3,1,3,0,0,0,0,0,0,0,3,0
1987,6,8.18E-05,43.2,298,0.4,0.3294,0.3176,0.018069999,1.2,0,0,0,0,0,0,5,3,5,3,3,5,0,0,4,0,0,0,3,2,0,0,2,0,0,3,0,0,0,0
1987,7,7.79E-05,41.5,297.51,-1.2,0.3587,0.3638,0.018680001,1.5,0,5,0,0,0,0,5,3,0,1,0,5,0,0,4,0,0,0,3,2,0,0,2,3,0,3,0,0,0,0
1987,8,9.59E-05,41.7,297.18,-0.8,0.3782,0.3784,0.01859,1.7,0,5,0,0,0,0,4,3,0,0,0,5,0,0,3,0,0,0,2,3,0,0,4,2,0,2,0,0,0,0
1987,9,5.74E-05,45.4,297.65,-1.8,0.3524,0.3628,0.01871,1.6,0,5,4,0,0,5,4,2,0,0,0,5,5,4,0,0,0,0,2,3,0,0,3,5,0,2,4,0,0,0
1987,10,7.9E-05,41.9,297.65,-1.2,0.3475,0.3314,0.01894,1.5,5,0,5,0,0,4,4,0,0,0,0,4,5,4,0,0,2,0,2,2,0,0,3,1,4,0,4,0,0,3
1987,11,4.65E-05,47.2,297.85,-0.8,0.297,0.2758,0.01732,1.3,5,0,5,0,0,4,0,0,0,0,0,0,5,4,0,0,3,0,2,2,0,4,3,0,5,0,3,0,0,3
1987,12,1.18E-05,55.7,298.75,-1.1,0.2443,0.2105,0.01561,1.1,4,0,5,0,0,4,0,0,0,0,0,0,5,4,0,0,4,0,2,0,0,3,3,0,5,0,0,0,0,2
1988,1,6E-07,63.1,299.8,-0.5,0.1826,0.147,0.01329,0.8,0,0,0,0,1,0,0,0,0,0,0,0,0,0,0,1,5,2,5,0,4,5,3,0,3,0,0,3,3,1
1988,2,1.3E-06,64,301.65,-0.9,0.1367,0.1176,0.01263,0.5,0,0,0,0,2,0,0,0,0,0,0,0,0,0,0,2,5,1,5,0,2,5,2,0,3,0,0,3,3,1
1988,3,0,77.9,302.72,-0.8,0.1141,0.1071,0.01156,0.1,0,0,0,0,3,0,0,0,4,0,2,0,0,0,0,4,4,4,5,0,5,3,1,0,1,0,0,4,3,0
1988,4,1.58E-05,62.4,303.13,-1.7,0.2015,0.1292,0.01332,-0.3,0,0,0,0,4,0,0,5,4,5,4,0,0,0,0,5,3,2,3,0,4,0,0,0,0,0,0,0,3,0
1988,5,3.25E-05,49.7,301.34,-0.4,0.2625,0.1861,0.016240001,-0.9,0,0,0,0,0,0,0,5,5,5,4,0,0,0,2,0,0,0,0,5,3,0,0,0,0,0,0,0,3,0
1988,6,9.17E-05,42.6,297.63,1.2,0.3426,0.2932,0.01843,-1.3,3,0,0,0,0,0,2,4,3,5,4,5,0,0,2,0,0,0,0,5,0,0,0,4,0,0,0,0,0,0
1988,7,0.0001036,43.3,296.79,0.2,0.3766,0.3679,0.01805,-1.3,4,0,0,0,0,0,3,4,0,1,0,5,0,0,2,0,0,0,0,5,0,0,0,5,0,3,0,0,0,0
1988,8,8.39E-05,42.8,297.27,-1.2,0.3755,0.3758,0.018689999,-1.1,4,0,0,0,0,0,3,3,0,0,0,5,0,0,2,0,0,0,0,4,0,0,0,2,0,3,0,0,0,0
1988,9,6.76E-05,44.9,297.05,-1,0.3602,0.3671,0.01836,-1.2,4,0,3,5,0,5,3,1,0,0,0,5,4,0,0,0,0,0,0,4,0,0,0,1,0,2,1,0,0,0
1988,10,9.91E-05,41.8,297.06,-1.2,0.3703,0.3504,0.018719999,-1.5,0,0,4,5,0,5,3,0,0,0,0,5,4,4,0,0,0,0,0,4,0,0,3,0,4,0,2,0,0,2
1988,11,6.26E-05,44.6,296.53,0,0.336,0.3133,0.017689999,-1.8,0,0,5,5,0,5,0,0,0,0,0,0,3,4,0,2,0,0,0,4,0,2,4,0,4,0,4,0,0,3
1988,12,4.6E-06,58.7,297.56,-0.7,0.2228,0.2298,0.01507,-1.8,0,0,5,4,0,5,0,0,0,0,0,0,2,4,0,1,0,0,0,0,0,1,4,0,3,0,3,1,0,2
1989,1,5.3E-06,60.8,298.45,-0.6,0.1903,0.1578,0.01359,-1.7,0,0,0,0,5,0,0,0,0,0,0,0,0,0,0,3,0,1,4,0,5,4,3,0,4,0,0,3,2,1
1989,2,1E-06,62.8,299.52,-0.6,0.1475,0.1239,0.01275,-1.4,0,0,0,0,5,0,0,0,0,0,0,0,0,0,0,2,0,2,4,0,4,2,2,0,4,0,0,2,3,1
1989,3,2.03E-05,59.3,300.46,-0.3,0.1683,0.1111,0.01313,-1.1,0,0,0,0,5,0,0,0,2,0,5,0,0,0,0,1,0,4,3,0,5,2,2,0,0,0,0,1,4,0
1989,4,3.4E-06,59.5,301.71,-1.8,0.2192,0.1313,0.01329,-0.8,0,0,0,0,5,0,0,0,5,4,5,0,0,0,3,4,0,3,2,0,5,0,0,0,0,0,0,0,4,0
1989,5,2.87E-05,52.3,299.69,-0.5,0.2602,0.1856,0.0153,-0.6,5,0,0,0,0,0,0,5,5,4,5,0,0,0,3,0,0,0,2,1,2,0,0,0,0,0,0,0,4,0
1989,6,3.68E-05,48.7,297.63,0.6,0.2885,0.2643,0.016720001,-0.4,4,0,0,0,0,0,5,4,3,3,5,5,0,0,3,0,0,0,1,2,0,0,0,0,0,4,0,0,0,0
1989,7,6.45E-05,47.1,297.06,0.1,0.3252,0.3194,0.01725,-0.3,3,0,0,0,0,0,4,4,0,3,0,5,0,0,3,0,0,0,9,2,0,0,0,3,0,4,0,0,0,0
1989,8,8.28E-05,45.5,297.36,-0.9,0.3413,0.331,0.018030001,-0.3,3,0,0,0,0,0,4,4,0,0,0,5,0,0,3,0,0,0,9,4,0,0,0,2,0,4,0,0,0,0
1989,9,7.41E-05,43.9,297.31,-1.2,0.3619,0.356,0.018549999,-0.2,0,0,5,0,0,5,4,4,0,0,0,4,4,5,5,0,0,0,9,5,0,0,0,5,0,3,3,0,0,0
1989,10,6.29E-05,45.7,297.04,-0.6,0.3337,0.3282,0.0177,-0.2,0,0,4,0,0,4,4,0,0,0,0,3,4,5,0,0,0,0,9,5,0,0,4,1,3,0,4,0,0,3
1989,11,6.46E-05,43.6,296.89,-0.3,0.3298,0.2914,0.01778,-0.2,0,0,4,0,0,4,0,0,0,0,0,0,4,5,0,2,0,0,9,5,0,1,5,0,3,0,5,0,0,3
1989,12,3.5E-06,60.3,298.28,-0.7,0.2164,0.2141,0.01452,-0.1,0,0,4,0,0,4,0,0,0,0,0,0,4,5,0,5,0,0,9,0,0,1,5,0,2,0,0,0,0,3
1990,1,2.3E-06,60.1,299.05,-0.4,0.1643,0.1481,0.0136,0.1,0,0,0,0,5,0,0,0,0,0,0,0,0,0,0,0,0,1,0,0,5,4,2,0,1,0,0,4,4,1
1990,2,4E-06,66.7,300.34,-0.5,0.1536,0.119,0.01236,0.2,0,0,0,0,5,0,0,0,0,0,0,0,0,0,0,0,0,2,0,0,4,2,3,0,1,0,0,5,4,1
1990,3,1E-07,67.4,302.44,-0.9,0.1211,0.108,0.01198,0.3,3,0,0,0,4,0,0,0,0,0,4,0,0,0,0,0,0,3,0,0,3,2,1,0,1,0,0,5,4,0
1990,4,1.6E-06,62,303.49,-0.8,0.1311,0.1263,0.01281,0.3,4,0,0,0,4,0,0,0,3,4,4,0,0,0,5,0,0,4,0,0,2,0,0,0,0,0,0,0,4,0
1990,5,1.98E-05,51.7,300.67,-0.5,0.2239,0.1767,0.01512,0.3,5,0,0,0,0,0,0,0,4,4,4,0,0,0,5,0,0,0,0,5,1,0,0,0,0,0,0,0,4,0
1990,6,5.45E-05,46.4,298.31,0.6,0.3034,0.2633,0.01699,0.3,4,0,0,0,0,0,5,5,4,4,4,4,0,0,5,0,0,0,0,5,0,0,0,0,0,2,0,0,0,0
1990,7,7.11E-05,46,296.92,0.4,0.3361,0.3226,0.0175,0.3,0,0,0,0,0,0,5,5,0,1,0,4,0,0,5,0,0,0,0,4,0,0,0,4,0,2,0,0,0,0
1990,8,6.79E-05,45.9,296.98,-0.6,0.3442,0.344,0.01785,0.4,0,0,0,0,0,0,5,5,0,0,0,3,0,0,5,0,0,0,0,4,0,0,0,4,0,2,0,0,0,0
1990,9,8.87E-05,45.4,297.35,-1.8,0.3627,0.3535,0.01866,0.4,0,0,5,0,0,5,5,0,0,0,0,3,5,4,0,0,0,0,0,4,0,0,0,3,0,2,2,0,0,0
1990,10,7.36E-05,43,297.59,-1.2,0.3497,0.3423,0.018890001,0.3,0,0,4,0,0,5,5,0,0,0,0,3,5,3,0,4,0,0,0,4,0,0,4,3,5,0,3,0,0,5
1990,11,4.05E-05,47,297.32,-0.6,0.3013,0.289,0.017270001,0.4,0,0,4,0,0,5,0,0,0,0,0,0,5,3,0,3,0,0,0,2,0,1,4,0,5,0,2,0,0,4
1990,12,2.23E-05,53.5,298.05,-0.2,0.2456,0.2123,0.01531,0.4,0,0,0,0,0,5,0,0,0,0,0,0,5,3,0,2,0,0,0,0,0,2,4,0,4,0,0,0,0,4
1991,1,4E-06,61.9,298.96,-0.8,0.2104,0.1509,0.01369,0.4,0,4,0,0,5,0,0,0,0,0,0,0,0,0,0,1,0,1,0,0,5,3,3,0,3,0,0,3,3,1
1991,2,1.6E-06,64.8,301.33,-0.7,0.1492,0.1196,0.01262,0.3,0,5,0,0,5,0,0,0,0,0,0,0,0,0,0,3,0,2,0,0,4,2,2,0,3,0,0,3,4,1
1991,3,2.3E-06,66.3,302.74,-0.9,0.1379,0.1083,0.01195,0.2,0,5,0,0,5,0,0,0,3,0,3,0,0,0,0,0,0,4,0,0,4,2,2,0,2,0,0,2,4,0
1991,4,6.3E-06,56.1,302.62,-0.9,0.1659,0.1275,0.01346,0.3,0,5,0,0,5,0,0,0,3,2,3,0,0,0,0,0,0,5,0,0,2,0,0,0,0,0,0,1,4,0
1991,5,4.3E-05,50.1,300.09,-0.1,0.2562,0.1859,0.01606,0.5,5,0,0,0,0,0,0,0,5,2,3,0,0,0,4,0,3,0,0,3,2,0,0,0,0,0,0,0,4,0
1991,6,6.66E-05,44.8,297.85,0.7,0.3209,0.2841,0.0178,0.6,5,0,0,2,0,0,4,5,5,1,2,4,0,0,4,0,4,0,0,3,0,0,0,0,0,0,0,0,0,0
1991,7,7.92E-05,43.6,296.82,0.3,0.354,0.3471,0.01777,0.7,5,0,0,4,0,0,4,5,0,1,0,4,0,0,4,0,5,0,0,4,0,0,0,0,0,3,0,0,0,0
1991,8,6.88E-05,43.7,296.79,-0.6,0.3552,0.3539,0.01778,0.6,4,0,0,5,0,0,3,5,0,0,0,4,0,0,4,0,5,0,0,4,0,0,0,3,0,3,0,0,0,0
1991,9,9.27E-05,42.7,297.01,-1.5,0.3691,0.3612,0.01839,0.6,0,0,5,4,0,5,3,5,0,0,0,4,3,3,0,0,5,0,0,5,0,0,0,2,0,3,4,0,0,3
1991,10,8.27E-05,45.1,296.67,-0.5,0.3643,0.3514,0.017960001,0.8,0,0,5,0,0,5,3,0,0,0,0,4,3,3,0,0,3,0,5,3,0,0,5,3,0,2,4,0,0,3
1991,11,7.09E-05,44.4,296.64,-0.3,0.3381,0.3088,0.017820001,1.2,0,0,5,0,0,5,0,0,0,0,0,0,3,4,0,0,2,0,5,1,0,2,5,0,5,0,3,0,0,3
1991,12,7.7E-06,57.7,297.57,-0.8,0.2345,0.2329,0.01482,1.5,0,0,5,0,0,5,0,0,0,0,0,0,3,3,0,0,2,0,4,0,0,3,5,0,5,0,1,2,3,2
1992,1,1.2E-06,67.4,299.49,-0.6,0.1682,0.1561,0.01302,1.7,0,0,0,0,4,0,0,0,0,0,0,0,0,0,0,0,2,2,3,0,4,3,3,0,4,0,0,4,3,1
1992,2,4E-07,67.2,300.8,-0.8,0.1269,0.1209,0.0127,1.6,5,3,0,0,5,0,0,0,0,0,0,0,0,0,0,0,1,5,3,0,4,4,2,0,4,0,0,4,3,1
1992,3,0,67.2,303.28,-1.1,0.1115,0.1086,0.012,1.5,5,3,0,0,5,0,0,0,4,0,4,0,0,0,0,0,0,5,3,0,3,4,0,0,3,0,0,2,3,0
1992,4,1.69E-05,55.4,302.96,-1.3,0.1756,0.1279,0.01407,1.3,5,4,0,0,5,0,0,0,5,2,3,0,0,0,3,0,0,2,3,0,2,0,0,0,0,0,0,1,3,0
1992,5,3.17E-05,49,300.78,-0.9,0.2718,0.186,0.01668,1.1,0,5,0,0,0,0,0,4,3,2,4,0,0,0,2,0,0,0,4,3,1,0,0,0,0,0,0,0,3,0
1992,6,5.94E-05,44.1,297.78,1.4,0.3098,0.272,0.017410001,0.7,0,5,0,0,0,0,4,4,4,5,4,5,0,0,2,0,0,0,5,3,0,0,0,0,0,4,0,0,0,0
1992,7,6.4E-05,46.2,296.58,0.3,0.334,0.3275,0.01709,0.4,0,0,0,0,0,0,4,3,0,0,0,5,0,0,2,1,3,0,5,4,0,0,2,0,0,4,0,0,0,0
1992,8,9.11E-05,44.4,296.74,-0.4,0.3597,0.3491,0.017790001,0.1,0,0,0,0,0,0,4,3,0,0,0,5,0,0,0,3,3,0,5,4,0,0,2,3,0,4,0,0,0,0
1992,9,9.45E-05,43.4,296.74,-1.2,0.3779,0.3742,0.01818,-0.1,0,0,3,0,0,4,4,0,0,0,0,5,3,4,0,4,4,0,5,5,0,0,3,2,0,2,2,0,0,0
1992,10,4.96E-05,49.2,297.11,-1.1,0.3313,0.3359,0.0176,-0.2,1,0,4,0,0,5,4,0,0,0,0,4,3,4,0,5,5,0,0,2,0,0,4,3,3,0,2,0,0,2
1992,11,5.52E-05,47.7,297.15,-0.2,0.3029,0.2672,0.01702,-0.3,2,0,4,0,0,2,0,0,0,0,0,0,3,4,0,0,5,0,0,2,0,3,5,0,3,0,1,0,0,2
1992,12,4.7E-06,60.2,298.41,-1.2,0.2254,0.2083,0.01437,-0.1,4,0,5,0,0,2,0,0,0,0,0,0,3,4,0,0,5,0,0,0,0,2,5,0,3,0,0,2,0,2
1993,1,2E-06,64.1,299.4,-0.6,0.1628,0.145,0.01295,0.1,5,0,0,0,5,0,0,0,0,0,0,0,0,0,0,0,0,3,0,0,5,4,2,0,3,0,0,4,4,1
1993,2,0,69,301.7,-0.8,0.1244,0.1166,0.01142,0.3,5,0,0,0,5,0,0,0,0,0,0,0,0,0,0,0,0,2,0,0,3,4,3,0,2,0,0,4,5,0
1993,3,1.2E-06,68.6,302.75,-0.9,0.1119,0.1068,0.01163,0.5,0,0,0,0,5,0,0,0,0,0,3,0,0,0,5,1,0,4,0,0,4,5,2,0,0,0,0,2,5,0
1993,4,3.74E-05,51.1,301.53,-0.5,0.2115,0.1294,0.01485,0.7,3,0,0,0,5,0,0,0,4,1,3,0,0,0,5,2,0,5,0,0,5,0,0,0,0,0,0,1,4,0
1993,5,0.0001151,40.3,298.26,-0.1,0.3408,0.2344,0.01902,0.7,3,0,0,0,0,0,0,3,4,2,3,0,0,0,5,3,0,0,0,3,5,0,0,0,0,0,0,0,3,0
1993,6,6.79E-05,45,297.33,0.6,0.3477,0.3429,0.017890001,0.6,3,0,0,0,0,0,5,3,5,4,3,4,0,0,5,4,0,0,0,4,0,0,0,0,0,0,0,0,0,0
1993,7,8.83E-05,44,296.72,-0.6,0.3681,0.3702,0.01788,0.3,4,0,0,0,0,0,5,3,0,4,0,4,0,0,5,5,0,0,0,4,0,0,0,0,0,2,0,0,0,0
1993,8,9.81E-05,42.1,296.78,-0.9,0.3793,0.3824,0.01815,0.3,5,4,0,0,0,0,5,4,0,0,0,4,0,0,0,0,0,0,0,4,0,0,0,4,0,1,0,0,0,0
1993,9,6.84E-05,46,296.85,-1.2,0.3544,0.359,0.018060001,0.2,5,5,1,1,0,0,5,4,0,0,0,4,0,3,0,0,0,0,0,5,0,0,0,4,0,1,3,0,0,0
1993,10,6.82E-05,45.7,296.6,-0.3,0.3469,0.334,0.017969999,0.1,5,5,2,1,0,5,5,0,0,0,0,4,2,3,0,0,0,0,0,5,0,0,2,2,4,1,4,0,0,0
1993,11,5.82E-05,43.8,296.73,-0.6,0.3224,0.2894,0.017589999,0,5,5,4,2,0,5,0,0,0,0,0,0,2,3,0,0,0,0,0,5,0,3,2,0,4,0,3,0,0,0
1993,12,6E-06,57.5,298.24,-1,0.2288,0.2159,0.0147,0.1,0,0,4,0,0,5,0,0,0,0,0,0,2,3,0,0,5,0,0,0,0,2,4,0,4,0,0,0,0,1
1994,1,1E-06,64.8,299.02,-0.6,0.1679,0.1488,0.01303,0.1,0,0,0,0,4,0,0,0,0,0,0,0,0,0,0,3,5,3,0,0,3,4,3,0,3,0,0,4,3,1
1994,2,4.6E-06,62.1,300.01,-0.7,0.1491,0.1198,0.01284,0.1,0,0,0,0,4,0,0,0,0,0,0,0,0,0,0,2,5,4,0,0,4,5,3,0,2,0,0,5,4,0
1994,3,2.7E-06,64.1,302.35,-0.7,0.1287,0.1086,0.012,0.2,0,0,0,0,4,0,0,0,5,0,5,0,0,0,4,2,4,5,0,0,4,0,3,0,1,0,0,2,3,0
1994,4,8.7E-06,58,302.53,-1.1,0.1525,0.1273,0.01324,0.3,0,0,0,0,4,0,0,0,4,2,5,0,0,0,4,1,4,5,0,0,5,0,0,0,0,0,0,1,3,0
1994,5,3.75E-05,49.7,299.75,-0.6,0.2729,0.1884,0.01595,0.4,1,0,0,0,0,0,0,0,4,2,5,0,0,0,4,0,2,0,0,1,5,0,0,0,0,0,0,0,3,0
1994,6,2.23E-05,50.5,298.74,-0.1,0.268,0.258,0.015769999,0.4,2,0,0,4,0,0,3,5,4,3,5,5,0,0,4,0,2,0,0,2,0,0,0,0,0,5,0,0,0,0
1994,7,4.81E-05,47.8,297.22,0.3,0.3054,0.3022,0.01663,0.4,4,0,0,5,0,0,4,5,0,0,0,5,0,0,4,0,1,0,0,3,0,0,0,0,0,5,0,0,0,0
1994,8,8.66E-05,44.1,296.91,0.3,0.3426,0.3223,0.017589999,0.4,5,0,0,5,0,0,4,5,0,0,0,5,0,0,0,0,1,0,0,4,0,0,0,3,0,5,0,0,0,0
1994,9,8.71E-05,42.9,296.75,-0.6,0.3632,0.3564,0.018100001,0.6,5,0,5,2,0,4,4,4,0,0,0,5,4,5,0,0,0,0,5,4,0,0,0,2,0,0,4,0,0,3
1994,10,6.52E-05,45.6,296.9,-1,0.3455,0.3436,0.01787,0.7,5,0,5,0,0,5,0,3,0,0,0,3,4,5,0,0,0,0,5,3,0,0,2,4,5,0,3,0,0,3
1994,11,4.41E-05,48.6,297,-0.6,0.3002,0.2795,0.017240001,1,0,0,5,0,0,5,0,0,0,0,0,0,1,5,0,3,0,0,5,3,0,3,1,0,5,0,2,0,0,3
1994,12,5.5E-06,55.8,298.92,-1.1,0.223,0.2032,0.01469,1.1,0,0,5,0,0,5,0,0,0,0,0,0,1,5,0,2,0,0,4,0,0,2,1,0,5,0,0,0,0,1
1995,1,1E-07,69.9,300.18,-0.6,0.1549,0.1417,0.01267,1,0,0,0,0,3,0,0,0,0,0,0,0,0,0,0,0,0,3,5,0,2,3,3,0,3,0,0,2,5,1
1995,2,1E-07,72.7,301.72,-1.1,0.12,0.1151,0.01169,0.7,0,0,0,0,4,0,0,0,0,0,0,0,0,0,0,0,0,2,5,0,1,2,3,0,4,0,0,2,5,0
1995,3,2.82E-05,53.1,301.99,-1.2,0.1863,0.1094,0.01433,0.5,3,0,0,0,5,0,0,0,2,0,3,0,0,0,3,0,0,4,4,0,1,2,3,0,0,0,0,1,4,0
1995,4,3.24E-05,49.3,300.74,-0.9,0.2561,0.138,0.015799999,0.3,2,0,0,0,5,0,0,0,3,2,3,0,0,0,3,0,0,5,3,0,2,0,0,0,0,0,0,1,3,0
1995,5,5.61E-05,48.5,299.39,0.7,0.2923,0.2007,0.01688,0.1,3,0,0,0,0,0,0,4,4,3,3,0,0,0,3,0,0,0,3,5,3,0,0,0,0,0,0,0,3,0
1995,6,0.0001012,39.6,297.13,1,0.3608,0.3237,0.01857,0,4,0,0,0,0,0,5,4,4,2,3,0,0,0,3,0,0,0,2,5,0,0,0,0,0,1,0,0,0,0
1995,7,8.99E-05,43.6,296.85,-0.6,0.3708,0.3699,0.018069999,-0.2,0,0,0,0,0,0,5,4,0,0,0,3,0,0,3,1,0,0,2,4,0,0,0,0,0,2,0,0,0,0
1995,8,0.0001005,40.7,297.51,-2,0.3829,0.3852,0.01901,-0.5,0,0,0,0,0,0,4,4,0,0,0,4,0,0,0,2,0,0,2,4,0,0,0,3,0,2,0,0,0,0
1995,9,8.69E-05,43.4,297.47,-1.6,0.3741,0.3726,0.01897,-0.8,0,0,3,0,0,2,5,4,0,0,0,4,3,5,0,5,0,0,2,2,0,0,0,4,0,1,3,0,0,0
1995,10,7.55E-05,44,297.29,-0.9,0.3569,0.3544,0.01856,-1,0,0,3,0,0,5,4,0,0,0,0,3,4,5,0,5,0,0,2,2,0,0,4,3,3,0,3,0,0,0
1995,11,5.13E-05,46.8,297.15,-0.5,0.3145,0.3016,0.01746,-1,0,0,4,0,0,5,0,0,0,0,0,0,4,5,0,0,0,0,0,1,0,5,4,0,3,0,3,0,0,4
1995,12,1.97E-05,50.9,298.04,-1,0.2528,0.2219,0.01589,-1,0,0,5,0,0,2,0,0,0,0,0,0,4,5,0,0,0,0,0,0,0,5,4,0,3,0,1,0,2,4
1996,1,4.8E-06,59.8,299.41,-1,0.2018,0.1556,0.0138,-0.9,5,0,0,0,4,0,0,0,0,0,0,0,0,0,0,0,0,3,0,0,5,2,2,0,3,0,0,3,3,1
1996,2,5.8E-06,57,300.89,-0.9,0.1728,0.1227,0.01354,-0.8,5,0,0,0,4,0,0,0,0,0,0,0,0,0,0,0,0,2,0,0,5,1,3,0,2,0,0,3,3,0
1996,3,9.5E-06,56.3,301.84,-1.1,0.1886,0.1101,0.01312,-0.6,0,0,0,0,4,0,0,0,0,0,5,0,0,0,3,1,0,3,0,0,5,1,2,0,0,0,0,3,3,0
1996,4,4.12E-05,51.6,300.65,0.8,0.2211,0.1364,0.01474,-0.4,0,0,0,0,4,0,0,0,4,2,5,0,0,0,3,2,0,4,0,0,4,0,0,0,0,0,0,0,3,0
1996,5,5.79E-05,44.4,297.96,-0.2,0.3015,0.2228,0.017650001,-0.3,0,0,0,0,0,0,0,1,5,2,4,0,0,0,3,3,0,0,0,2,3,0,0,0,0,0,0,0,3,0
1996,6,9.51E-05,41.4,296.95,0.8,0.3478,0.317,0.01802,-0.3,0,0,0,0,0,0,4,3,5,4,3,1,0,0,3,4,0,0,0,2,0,0,0,0,0,3,0,0,0,0
1996,7,8.83E-05,42.8,296.66,-0.3,0.3727,0.3731,0.01791,-0.3,0,0,0,0,0,0,4,4,0,3,0,2,0,0,2,0,0,0,0,3,0,0,0,0,0,3,0,0,0,0
1996,8,8.47E-05,43,296.74,-1,0.3712,0.3704,0.01804,-0.3,0,0,0,0,0,0,4,4,0,0,0,2,0,0,0,0,0,0,0,3,0,0,0,4,0,4,0,0,0,0
1996,9,9.54E-05,41.9,297.14,-1.3,0.3747,0.3703,0.01856,-0.4,0,0,5,0,0,5,5,4,0,0,0,2,0,0,0,0,0,0,0,4,0,0,0,2,0,0,3,0,0,0
1996,10,7.93E-05,43.1,297.03,-0.9,0.3609,0.3571,0.018440001,-0.4,1,0,5,4,0,2,3,0,0,0,0,2,4,4,0,0,0,0,0,5,0,0,4,5,5,0,3,0,0,0
1996,11,7.12E-05,41.5,296.92,-0.4,0.3312,0.3059,0.01794,-0.4,4,0,5,3,0,2,0,0,0,0,0,0,4,4,0,0,0,0,0,1,0,5,4,0,5,0,3,0,0,2
1996,12,2.96E-05,49.8,297.42,-0.6,0.2709,0.2389,0.01606,-0.5,5,0,5,2,0,2,0,0,0,0,0,0,4,4,0,0,0,0,0,0,0,5,5,0,5,0,0,0,0,1
1997,1,2E-05,52.5,297.9,-0.4,0.2373,0.1685,0.0148,-0.5,0,4,0,0,5,0,0,0,0,0,0,0,0,0,0,5,0,1,0,0,4,3,3,5,3,0,0,3,4,1
1997,2,2.18E-05,52.8,298.07,-0.8,0.2379,0.1348,0.01448,-0.4,0,5,0,0,4,0,0,0,0,0,0,0,0,0,0,5,0,2,0,0,4,3,3,5,3,0,0,3,3,2
1997,3,9E-07,62.5,301.51,-1,0.17,0.1159,0.01208,-0.1,0,5,0,0,5,0,0,0,5,0,0,0,0,0,4,2,0,3,0,0,3,2,2,5,0,0,0,3,4,0
1997,4,3.02E-05,50.4,300.81,-0.9,0.2288,0.1322,0.01503,0.3,5,0,0,0,5,0,0,0,5,3,3,0,0,0,4,0,4,5,0,0,2,0,0,5,0,0,0,2,4,0
1997,5,2.59E-05,50.9,300,-0.8,0.2655,0.1874,0.01575,0.8,5,0,0,0,0,0,0,1,3,4,3,0,0,0,4,0,4,0,0,4,1,0,0,5,0,0,0,1,4,0
1997,6,4.53E-05,46.1,298.66,0.2,0.2985,0.2655,0.01736,1.2,5,0,0,0,0,0,3,2,3,3,4,4,0,0,4,0,5,0,0,4,0,0,0,5,0,5,0,0,0,0
1997,7,5.13E-05,45.5,297.8,-0.1,0.3066,0.3037,0.017340001,1.6,1,0,0,0,0,0,4,2,0,0,0,4,0,0,4,0,5,0,0,5,0,0,0,5,0,5,0,0,0,0
1997,8,8.52E-05,41.8,297.57,-0.8,0.345,0.335,0.01829,1.9,2,0,0,0,0,0,4,4,0,0,0,3,0,0,0,0,5,0,0,5,0,0,0,3,0,1,0,0,0,0
1997,9,7.8E-05,43.6,297.64,-1.6,0.3586,0.3589,0.018999999,2.1,0,0,1,0,0,5,5,0,0,0,0,3,5,3,0,0,5,0,0,5,0,0,0,3,0,0,3,0,0,0
1997,10,8.6E-05,44,297.78,-1.2,0.3547,0.3471,0.01894,2.3,0,0,2,0,0,5,2,0,0,0,0,0,5,3,0,0,5,0,0,3,0,0,4,3,4,0,2,0,0,2
1997,11,5.57E-05,44.8,297.38,-0.5,0.3174,0.2936,0.017929999,2.4,0,0,2,0,0,5,0,0,0,0,0,0,5,3,0,0,4,0,0,4,0,2,4,0,4,0,1,0,0,2
1997,12,4E-07,63.8,299.33,-0.9,0.2049,0.2067,0.01404,2.4,0,0,4,0,0,5,0,0,0,0,0,0,5,3,0,0,2,0,0,0,0,3,5,0,4,0,0,0,0,3
1998,1,1.06E-05,55.8,300.54,-1,0.1982,0.1427,0.01376,2.2,0,0,0,0,1,0,0,0,0,0,0,0,0,0,0,0,2,5,0,0,5,4,3,0,1,0,0,4,4,1
1998,2,6.4E-06,51.9,302.73,-1.5,0.1973,0.1174,0.01409,1.9,0,0,0,0,2,0,0,0,0,0,0,0,0,0,0,0,0,4,0,0,2,4,3,0,2,0,0,4,3,0
1998,3,1.13E-05,51.3,303.55,-0.4,0.1535,0.1077,0.01339,1.4,2,0,0,0,3,0,0,0,3,0,5,0,0,0,3,0,0,2,0,0,3,4,0,0,1,0,0,4,5,0
1998,4,5.4E-05,41.2,300.52,-1.1,0.2803,0.1469,0.01781,1,5,0,0,0,4,0,0,0,3,5,5,0,0,0,3,0,0,1,0,0,3,0,0,0,0,0,0,1,5,0
1998,5,0.0001145,36.2,298.48,1.2,0.3413,0.2484,0.01969,0.5,5,0,0,0,0,0,0,2,4,5,5,0,0,0,3,0,0,0,0,3,2,0,0,0,0,0,0,0,4,0
1998,6,7.78E-05,41.3,297.55,0.1,0.3571,0.3484,0.0187,-0.1,4,0,0,5,0,0,2,4,5,5,5,4,0,0,3,0,0,0,0,3,0,0,0,0,0,4,0,0,0,0
1998,7,7.6E-05,43.2,297.19,-0.8,0.3632,0.3635,0.01835,-0.8,2,0,0,5,0,0,2,5,0,5,0,4,0,0,3,0,0,0,0,4,0,0,3,0,0,4,0,0,0,0
1998,8,8.91E-05,42.5,297.63,-1.8,0.3675,0.3619,0.018990001,-1.1,0,3,0,5,0,0,3,5,0,0,0,4,0,0,0,0,0,0,0,4,0,0,2,5,0,4,2,0,0,0
1998,9,7.42E-05,43.9,297.73,-1.6,0.3688,0.3743,0.01904,-1.3,0,5,5,0,0,4,4,5,0,0,0,2,5,4,0,0,0,0,0,4,0,0,2,4,0,0,4,0,0,1
1998,10,7.16E-05,43,297.5,-0.8,0.341,0.3287,0.01864,-1.4,0,4,4,0,0,4,4,0,0,0,0,2,5,4,0,4,0,0,4,4,0,0,4,4,3,0,5,0,0,2
1998,11,3.36E-05,46.8,297.81,-0.7,0.2853,0.2773,0.0173,-1.5,0,0,4,0,0,3,0,0,0,0,0,0,5,4,0,3,3,0,4,4,0,5,4,0,3,0,0,0,0,2
1998,12,4.23E-05,45.1,297.23,-0.1,0.2814,0.2084,0.017109999,-1.6,0,0,4,0,0,3,0,0,0,0,0,0,5,4,0,3,4,0,5,0,0,5,3,0,2,0,0,0,0,3
1999,1,2.12E-05,45.6,297.22,-0.3,0.2503,0.161,0.01562,-1.5,0,0,0,0,4,0,0,0,0,0,0,0,0,0,0,5,4,3,4,0,3,3,2,0,1,0,0,1,1,0
1999,2,1.19E-05,52.4,299.48,-1.1,0.2165,0.1294,0.01375,-1.3,0,0,0,0,5,0,0,0,0,0,0,0,0,0,0,5,5,2,4,0,4,4,1,0,1,0,0,1,2,0
1999,3,2.2E-06,61.6,302.05,-1,0.1808,0.1135,0.01275,-1.1,0,0,0,0,5,0,0,0,1,0,3,0,0,0,4,5,5,1,4,0,4,2,1,0,0,0,0,1,3,0
1999,4,2.99E-05,50.5,300.34,-1,0.2488,0.1342,0.01484,-1,1,0,0,0,5,0,0,0,2,5,4,0,0,0,5,0,5,4,3,0,2,0,0,0,0,0,0,0,4,0
1999,5,2.87E-05,53.8,299.78,-0.5,0.2688,0.1889,0.01545,-1,2,0,0,0,0,0,0,3,4,4,5,0,0,0,5,0,4,0,3,1,3,0,0,0,0,0,0,0,4,0
1999,6,8.59E-05,43.3,297.11,2.3,0.336,0.2829,0.01778,-1,4,0,0,0,0,0,4,4,4,4,2,5,0,0,5,0,4,0,3,2,0,0,0,0,0,2,0,0,0,0
1999,7,7.26E-05,44.8,296.58,-0.1,0.3537,0.3491,0.017650001,-1.1,5,0,0,0,0,0,4,4,0,3,0,4,0,0,5,0,0,0,3,2,0,0,0,0,0,2,0,0,0,0
1999,8,0.000106,40.7,297,-1.1,0.3759,0.368,0.01833,-1.1,5,4,0,0,0,0,3,4,0,0,0,4,0,0,0,0,0,0,2,4,0,0,0,5,0,1,0,0,0,0
1999,9,9.11E-05,43,297.16,-1.1,0.3765,0.3753,0.018610001,-1.2,0,5,5,0,0,5,3,4,0,0,0,3,3,4,0,5,0,0,2,4,0,0,0,4,0,1,4,0,0,0
1999,10,7.6E-05,43.3,297.04,-0.8,0.3602,0.3509,0.01843,-1.3,0,3,5,0,0,4,4,0,0,0,0,3,3,4,0,5,0,0,0,5,0,0,2,4,3,1,4,0,0,2
1999,11,5.75E-05,45.7,297,-0.6,0.3242,0.303,0.01784,-1.5,0,0,5,0,0,4,0,0,0,0,0,0,3,4,0,5,3,0,0,3,0,2,3,0,3,0,2,1,0,3
1999,12,2.69E-05,49.4,297.19,-0.5,0.2673,0.23,0.01647,-1.7,0,0,5,0,0,4,0,0,0,0,0,0,3,2,0,5,4,0,0,0,0,2,3,0,3,0,0,1,0,4
2000,1,1.83E-05,57.8,297.52,-0.2,0.2379,0.1662,0.01441,-1.7,1,0,0,0,4,0,0,0,0,0,0,0,0,0,0,0,5,5,0,0,4,4,3,0,2,0,0,3,4,1
2000,2,7.9E-06,61.7,299.14,-0.7,0.1859,0.128,0.01332,-1.4,2,0,0,0,4,0,0,0,0,0,0,0,0,0,0,0,5,2,0,0,5,4,3,0,3,0,0,2,4,1
2000,3,7.8E-06,58.3,300.64,-0.7,0.1698,0.1124,0.01301,-1.1,3,0,0,0,5,0,0,0,5,0,5,0,0,0,4,0,4,4,0,0,5,4,2,0,0,0,0,0,4,0
2000,4,3.22E-05,50.7,298.97,-0.7,0.257,0.1354,0.01532,-0.8,4,0,0,0,5,0,0,0,4,4,5,0,0,0,4,0,4,3,0,0,3,0,0,0,0,0,0,0,4,0
2000,5,5.13E-05,46,298.39,0.5,0.2832,0.1917,0.016790001,-0.7,0,0,0,0,0,0,0,3,4,5,5,0,0,0,5,5,3,0,0,4,2,0,0,0,0,0,0,0,4,0
2000,6,9.66E-05,41.8,296.45,1.2,0.3581,0.3134,0.017829999,-0.6,0,0,0,0,0,0,5,2,4,5,5,0,0,0,5,5,3,0,0,4,0,0,0,0,0,3,0,0,0,0
2000,7,8.78E-05,43.6,296.26,0.1,0.3658,0.3633,0.017589999,-0.6,0,0,0,0,0,0,5,4,3,5,0,4,0,0,4,4,0,0,0,5,0,0,0,0,0,3,0,0,0,0
2000,8,8.72E-05,43.7,296.61,-1.1,0.3774,0.379,0.01801,-0.5,0,0,0,0,0,0,5,4,0,0,0,4,0,0,0,3,0,0,0,5,0,0,0,3,0,2,0,0,0,0
2000,9,9.67E-05,43.5,296.96,-1,0.3781,0.3735,0.01843,-0.5,0,0,3,4,0,5,5,4,0,0,0,3,5,2,0,1,0,0,0,3,0,0,0,4,0,2,1,0,0,2
2000,10,7.25E-05,45.8,296.73,-0.5,0.3563,0.3491,0.01812,-0.6,0,3,3,5,0,5,5,0,0,0,0,3,5,1,0,0,0,0,0,2,0,0,3,3,5,0,1,0,0,2
2000,11,5.64E-05,45.5,296.74,-0.5,0.3251,0.3032,0.01757,-0.7,0,3,4,2,0,5,0,0,0,0,0,0,5,1,0,0,0,0,0,1,0,3,2,2,4,0,1,0,0,3
2000,12,4.8E-06,58.5,298.14,-0.8,0.2209,0.2185,0.01481,-0.7,0,5,4,1,0,5,0,0,0,0,0,0,5,1,0,0,0,0,0,0,0,3,4,0,4,0,0,0,0,2
2001,1,2.1E-06,63.8,299.49,-0.5,0.16,0.1487,0.01306,-0.7,5,0,0,0,5,0,0,0,0,0,0,0,0,0,0,0,5,3,3,0,4,5,4,0,2,0,0,3,4,1
2001,2,0,70.2,299.88,-0.5,0.1279,0.1188,0.0122,-0.5,5,0,0,0,5,0,0,0,0,0,0,0,0,0,0,0,4,4,3,0,3,5,3,0,1,0,0,2,4,1
2001,3,2E-07,67.1,302.56,-1,0.1119,0.108,0.01172,-0.4,4,0,0,0,5,0,0,4,0,0,5,0,0,0,0,0,4,5,3,0,3,4,2,0,1,0,0,1,5,0
2001,4,1.1E-06,58.5,302.21,-0.7,0.1294,0.1266,0.01293,-0.3,3,0,0,0,5,0,0,5,4,5,5,0,0,0,4,0,4,1,2,0,2,0,0,0,0,0,0,0,5,0
2001,5,3.92E-05,49.7,299.68,-0.6,0.2686,0.1844,0.01653,-0.3,2,0,0,0,0,0,0,5,5,5,5,0,0,0,5,0,5,0,2,3,1,0,0,0,0,0,0,0,5,0
2001,6,4.95E-05,48.3,297.93,1,0.2957,0.2594,0.01639,-0.1,2,0,0,3,0,0,2,4,5,5,3,5,0,0,5,0,5,0,0,3,0,0,0,0,0,1,0,0,0,0
2001,7,7.25E-05,45.3,296.86,0.5,0.3317,0.3208,0.01746,-0.1,0,0,0,4,0,0,3,3,0,5,0,5,0,0,5,5,5,0,0,4,0,0,0,0,0,1,0,0,0,0
2001,8,0.0001076,41,296.92,-0.8,0.3798,0.3663,0.018409999,-0.1,0,0,0,5,0,0,3,0,0,0,0,5,0,0,5,5,4,0,0,4,0,0,0,1,0,2,0,0,0,0
2001,9,7.04E-05,45.4,296.69,-0.5,0.3613,0.3666,0.018030001,-0.2,0,0,4,5,0,5,3,0,0,0,0,5,5,5,0,5,3,0,0,5,0,0,0,2,0,2,5,0,0,0
2001,10,6.77E-05,45,297.28,-1,0.3336,0.3253,0.018270001,-0.3,0,2,4,0,0,4,0,0,0,0,0,4,5,5,0,2,0,0,0,3,0,0,3,3,4,1,4,0,0,2
2001,11,3.4E-05,49.9,297.92,-1,0.2834,0.2754,0.01702,-0.3,0,3,5,0,0,2,0,0,0,0,0,0,5,5,0,2,0,0,0,2,0,3,4,0,4,0,4,0,0,2
2001,12,2.78E-05,46.3,298.06,-1,0.2673,0.2049,0.01694,-0.3,0,5,5,0,0,2,0,0,0,0,0,0,5,5,0,0,0,0,0,0,0,3,5,0,4,0,0,0,0,2
2002,1,4.3E-06,60.7,298.89,-0.4,0.1939,0.1502,0.01462,-0.1,0,3,0,0,4,0,0,0,0,0,0,0,0,0,0,4,2,4,0,0,2,3,3,0,2,0,0,1,2,0
2002,2,7E-07,63.5,300.85,-0.7,0.1517,0.1204,0.0129,0,0,0,0,0,4,0,0,0,0,0,0,0,0,0,0,4,4,5,0,0,3,3,4,0,2,0,0,1,2,0
2002,3,1.62E-05,58.9,300.75,-0.3,0.1486,0.1089,0.01379,0.1,0,0,0,0,5,0,0,0,0,0,4,0,0,0,0,0,4,6,0,0,4,4,5,0,0,0,0,1,2,0
2002,4,5.26E-05,45.6,298.38,0.1,0.2804,0.139,0.016690001,0.2,0,0,0,0,5,0,0,4,0,3,4,0,0,0,4,0,4,3,0,0,3,0,2,0,0,0,0,0,2,0
2002,5,3.85E-05,46.2,298.79,-0.2,0.2743,0.1984,0.01701,0.4,0,0,0,0,0,0,0,5,3,3,4,0,0,0,4,0,4,0,0,3,1,0,0,0,0,0,0,0,1,0
2002,6,8.79E-05,41,296.84,1.1,0.3455,0.301,0.01805,0.7,5,4,0,0,0,0,2,5,3,3,3,3,0,0,4,0,3,0,0,3,0,0,0,2,0,1,0,0,0,0
2002,7,7.52E-05,43.3,296.7,-0.1,0.3552,0.3518,0.017899999,0.8,1,3,0,3,0,0,2,5,0,4,0,3,0,0,4,0,0,0,0,4,0,0,0,3,0,1,0,0,0,0
2002,8,7.57E-05,45.3,296.9,-1,0.3586,0.3563,0.018100001,0.9,3,3,0,3,0,0,1,4,0,0,0,3,0,0,5,0,0,0,0,5,0,0,0,1,0,2,0,0,0,0
2002,9,6.88E-05,46,297.27,-1.2,0.3557,0.3578,0.01846,1,4,3,5,3,0,5,4,3,0,0,0,3,3,0,0,0,0,0,0,5,0,0,3,1,0,2,4,0,0,0
2002,10,5.11E-05,49.3,297.52,-0.8,0.3148,0.3105,0.017650001,1.2,5,3,5,2,0,5,4,0,0,0,0,3,3,4,0,2,0,0,0,5,0,0,3,1,5,0,3,0,0,3
2002,11,1.64E-05,52.5,298.34,-1.1,0.259,0.2483,0.01599,1.3,0,5,5,0,0,5,0,0,0,0,0,0,3,4,0,2,0,0,0,5,0,2,3,0,5,0,0,0,0,2
2002,12,1.6E-06,61.8,299.23,-0.6,0.1983,0.176,0.01389,1.1,0,5,5,0,0,5,0,0,0,0,0,0,0,4,0,5,0,0,0,0,0,3,3,0,5,0,0,0,0,4
2003,1,1E-07,67.9,300.83,-0.6,0.1403,0.1292,0.01271,0.9,0,5,0,0,4,0,0,0,0,0,0,0,0,0,0,4,2,3,0,0,5,3,2,0,2,0,0,3,4,0
2003,2,0,69.6,301.55,-0.7,0.1143,0.1103,0.01233,0.6,0,0,0,0,4,0,0,0,0,0,0,0,0,0,0,4,4,2,0,0,5,3,2,0,3,0,0,2,4,0
2003,3,4.9E-06,63.1,302.66,-0.7,0.1113,0.1048,0.01222,0.4,1,0,0,0,5,0,0,0,4,0,5,0,0,0,0,0,4,1,0,0,2,4,2,0,1,0,0,1,3,0
2003,4,2.53E-05,51.5,301.84,-1.3,0.2219,0.1299,0.01502,0,1,0,0,1,3,0,0,0,5,3,5,0,0,0,4,0,4,4,0,0,4,0,2,0,0,0,0,1,3,0
2003,5,2.31E-05,49.5,300.25,-0.3,0.2602,0.1853,0.01595,-0.3,2,0,0,2,0,0,0,0,5,3,5,0,0,0,5,0,1,0,0,5,1,0,2,3,0,0,0,0,3,0
2003,6,6.87E-05,45.2,297.39,2.2,0.3177,0.2728,0.017550001,-0.2,5,0,0,3,0,0,3,3,3,3,5,4,0,0,5,0,0,0,0,5,0,0,0,2,0,2,0,0,0,0
2003,7,8.61E-05,41.8,296.82,0,0.3558,0.3392,0.018069999,0.1,0,0,0,2,0,0,3,4,0,3,0,4,0,0,5,0,0,0,0,5,0,0,0,1,0,3,0,0,0,0
2003,8,8.68E-05,44.6,297.2,-1.1,0.3623,0.3549,0.018379999,0.2,0,0,0,0,0,0,4,4,0,0,0,4,0,0,4,0,0,0,0,5,0,0,0,1,0,4,0,0,0,0
2003,9,9.78E-05,42.7,297.28,-1.4,0.3791,0.3773,0.0187,0.3,0,0,3,0,0,5,4,4,0,0,0,4,5,5,0,0,0,0,0,5,0,0,0,1,0,1,4,0,0,3
2003,10,8.02E-05,43.2,297.57,-1.4,0.3597,0.3508,0.01897,0.3,0,3,2,0,0,4,0,4,0,0,0,3,5,5,0,2,0,0,0,5,0,0,1,0,4,0,4,0,0,2
2003,11,6E-05,44.8,297.47,-0.9,0.3267,0.3051,0.01833,0.4,0,2,4,0,0,3,0,0,0,0,0,0,5,5,0,2,0,0,5,5,0,3,2,0,4,0,1,0,0,2
2003,12,1.26E-05,54.7,298.29,-0.7,0.2405,0.226,0.0153,0.4,0,1,5,0,0,3,0,0,0,0,0,0,5,5,0,5,0,0,5,0,0,2,3,0,4,0,0,0,0,2
2004,1,1.34E-05,56.1,298.37,-0.7,0.229,0.1571,0.01421,0.4,5,0,0,0,5,0,0,0,0,0,0,0,0,0,0,4,1,1,3,0,4,5,4,0,1,0,0,3,4,1
2004,2,3.6E-06,59.2,300.77,-0.6,0.1699,0.1235,0.01335,0.3,4,0,0,0,4,0,0,0,0,0,0,0,0,0,0,4,1,1,3,0,5,5,5,0,2,0,0,3,4,0
2004,3,5.2E-06,54.3,301.79,-0.7,0.1486,0.1101,0.01338,0.2,2,1,0,0,3,0,0,0,4,0,5,0,0,0,0,0,1,2,3,0,5,5,4,0,0,0,0,2,4,0
2004,4,3.98E-05,45.7,300.62,-0.2,0.2372,0.1315,0.01591,0.2,0,1,0,0,3,0,0,3,3,4,5,0,0,0,3,0,1,4,4,0,3,0,0,0,0,0,0,1,4,0
2004,5,9.17E-05,38.1,297.55,0.9,0.3249,0.2154,0.0184,0.2,0,3,0,2,0,0,0,4,3,4,5,0,0,0,3,0,1,0,4,4,1,0,0,0,0,0,0,0,3,0
2004,6,3.84E-05,47.5,297.32,-0.2,0.3064,0.308,0.017109999,0.3,0,1,0,3,0,0,1,4,3,5,5,4,0,0,2,0,1,0,4,4,0,0,0,0,0,5,0,0,0,0
2004,7,7.2E-05,45.8,296.67,0,0.3451,0.3396,0.017659999,0.5,0,0,0,5,0,0,2,5,0,5,0,4,0,0,2,0,3,0,4,3,0,0,0,0,0,4,0,0,0,0
2004,8,7.29E-05,45.1,297.2,-1.2,0.3485,0.3463,0.018100001,0.6,0,3,0,5,0,0,2,0,0,0,0,4,0,0,2,0,0,0,0,3,0,0,0,3,0,4,0,0,0,0
2004,9,9.22E-05,44.7,297.51,-1.6,0.3658,0.3552,0.018850001,0.7,5,2,5,4,0,5,4,0,0,0,0,4,4,5,0,0,0,0,0,3,0,0,0,4,0,4,5,0,0,0
2004,10,6.37E-05,44.8,297.67,-1,0.3427,0.3388,0.018610001,0.7,4,2,5,0,0,5,0,0,0,0,0,4,3,4,0,2,0,0,0,3,0,0,4,5,3,0,5,0,0,4
2004,11,4.89E-05,47.4,297.7,-0.8,0.3038,0.2845,0.017929999,0.7,3,3,4,0,0,5,0,0,0,0,0,0,3,4,0,2,0,0,0,3,0,2,5,0,3,0,3,0,0,4
2004,12,1.09E-05,56.3,298.48,-0.8,0.2379,0.2093,0.01553,0.7,2,4,4,0,0,5,0,0,0,0,0,0,3,4,0,5,0,0,0,0,0,3,5,0,3,0,0,2,1,3
2005,1,7.4E-06,56.2,299.41,-0.7,0.2024,0.1487,0.01479,0.6,0,0,0,0,5,0,0,0,0,0,0,0,0,0,0,4,5,3,0,0,3,3,4,0,1,0,0,3,4,2
2005,2,2.4E-06,57.4,301.78,-0.9,0.1621,0.1198,0.0137,0.6,0,0,0,0,4,0,0,0,0,0,0,0,0,0,0,4,5,4,0,0,4,3,0,0,2,0,0,2,3,1
2005,3,1.7E-06,62.3,303.55,-0.9,0.1326,0.1086,0.01323,0.4,0,0,0,0,4,0,0,0,2,0,4,0,0,0,0,0,5,5,0,0,4,4,0,0,0,0,0,1,3,1
2005,4,4.22E-05,48,301.84,-0.4,0.2007,0.1299,0.01585,0.4,0,0,0,0,4,0,0,0,3,4,4,0,0,0,4,0,5,5,1,0,4,0,0,0,0,0,0,0,3,0
2005,5,5.86E-05,43.5,298.92,-0.2,0.3029,0.2165,0.01846,0.3,0,0,0,3,0,0,0,4,5,4,4,0,0,0,4,0,5,0,1,4,2,0,0,0,0,0,0,0,3,0
2005,6,8.98E-05,42.2,298.12,-0.2,0.3465,0.3201,0.019069999,0.1,0,5,0,3,0,0,5,5,0,4,5,5,0,0,4,0,5,0,1,4,0,0,0,3,0,3,0,0,0,0
2005,7,0.0001083,40.6,297.3,-0.4,0.3831,0.3764,0.01881,-0.1,0,2,0,4,0,0,5,5,0,4,0,5,0,0,5,0,3,0,1,3,0,0,0,4,0,3,0,0,0,0
2005,8,8.45E-05,42.6,297.39,-1.5,0.3757,0.377,0.018850001,-0.1,0,0,0,0,0,0,5,5,0,0,0,5,0,0,5,0,0,0,1,3,0,0,0,5,0,3,0,0,0,0
2005,9,8.36E-05,44.3,297.6,-1.8,0.3689,0.3689,0.01898,-0.1,0,2,4,0,0,5,4,5,0,0,0,5,5,4,0,0,0,0,1,4,0,0,4,5,0,2,5,0,0,0
2005,10,7.35E-05,44.4,297.57,-1,0.3536,0.3421,0.018959999,-0.3,5,0,4,0,0,4,4,0,0,0,0,5,4,5,0,2,0,0,1,5,0,0,5,5,4,0,4,0,0,0
2005,11,7.08E-05,45.3,297,-0.3,0.3383,0.304,0.01826,-0.6,5,3,4,0,0,4,0,0,0,0,0,0,4,5,0,2,0,0,1,5,0,2,5,5,4,0,3,0,0,3
2005,12,1.45E-05,55.5,297.68,-0.7,0.2484,0.2302,0.016209999,-0.8,5,5,4,0,0,4,0,0,0,0,0,0,4,5,0,5,3,0,0,0,0,1,2,0,4,0,0,0,0,3
2006,1,2.48E-05,49.7,297.65,-0.3,0.2403,0.1631,0.01552,-0.8,4,5,0,1,5,0,0,0,0,0,0,0,0,0,0,4,5,1,0,0,4,2,2,0,4,0,0,2,4,1
2006,2,7.7E-06,59.6,299.36,-1.1,0.2205,0.1325,0.01376,-0.7,5,0,0,2,5,0,1,0,0,0,0,0,0,0,0,4,5,4,0,0,5,3,2,0,4,0,0,3,3,1
2006,3,2.7E-06,60.6,302.05,-1,0.1752,0.1142,0.01299,-0.5,5,0,0,1,5,0,0,0,5,0,4,0,0,0,0,0,5,5,2,0,5,1,3,0,0,0,0,4,3,0
2006,4,3.5E-05,50,301.2,-0.6,0.2289,0.1353,0.01536,-0.3,0,0,0,0,4,0,0,0,5,0,4,0,0,0,5,0,5,2,2,0,5,0,0,0,0,0,0,1,3,0
2006,5,7.89E-05,43.2,298.3,0.4,0.3116,0.2249,0.01792,0,0,2,0,0,0,0,0,2,5,4,4,0,0,0,5,0,5,0,3,4,3,0,0,0,0,0,0,0,2,0
2006,6,8.68E-05,41.8,297.19,0.3,0.3548,0.3227,0.018409999,0,0,5,0,0,0,0,0,3,5,4,3,4,0,0,5,0,5,0,3,4,2,0,0,2,0,2,0,0,0,0
2006,7,7.66E-05,42.4,296.91,-0.2,0.358,0.3604,0.018169999,0.1,0,5,0,0,0,0,3,5,0,4,0,4,0,0,5,0,2,0,0,5,0,0,0,2,0,2,0,0,0,0
2006,8,8.93E-05,41.6,297.17,-1.4,0.3761,0.372,0.01867,0.3,0,0,0,0,0,0,4,5,0,0,0,3,0,0,5,0,2,0,0,5,0,0,0,3,0,2,0,0,0,0
2006,9,5.56E-05,49.1,297.6,-1.7,0.3401,0.3559,0.01853,0.5,5,0,3,5,0,5,5,5,0,0,0,3,4,3,0,0,2,0,0,5,0,0,0,3,0,1,2,0,0,0
2006,10,5.32E-05,45.4,298.05,-1.6,0.3227,0.3206,0.018689999,0.7,4,0,4,5,0,4,3,0,0,0,0,3,3,2,0,2,3,0,2,5,0,0,3,3,3,0,3,0,0,3
2006,11,4.71E-05,47.1,297.52,-0.6,0.3048,0.2704,0.017720001,0.9,4,5,3,5,0,5,0,0,0,0,0,0,3,2,0,2,3,0,3,5,0,3,2,4,3,0,4,0,0,2
2006,12,1.18E-05,54.4,298.62,-0.9,0.2374,0.2031,0.0156,0.9,4,5,5,5,0,5,0,0,0,0,0,0,3,2,0,5,3,0,2,0,0,3,1,5,2,0,0,0,0,2
2007,1,1.4E-06,65,299.42,-0.5,0.1668,0.1439,0.01378,0.7,0,2,0,0,5,0,0,0,0,0,0,0,0,0,0,4,5,5,3,0,5,2,2,0,1,0,0,4,4,1
2007,2,0,70.9,301,-0.7,0.1274,0.1167,0.01256,0.3,0,1,0,0,5,0,0,0,0,0,0,0,0,0,0,4,5,5,4,0,5,3,3,0,1,0,0,4,3,1
2007,3,2.15E-05,58.5,302.19,-0.6,0.1447,0.1074,0.01348,0,0,0,0,0,5,0,0,0,3,0,4,0,0,0,0,0,5,2,4,0,4,4,3,0,0,0,0,4,4,0
2007,4,1.91E-05,53.3,302.29,-1.8,0.2457,0.1343,0.01491,-0.2,0,0,0,0,4,0,0,0,4,3,4,0,0,0,5,0,5,1,4,0,3,0,2,0,0,0,0,0,3,0
2007,5,5.57E-05,44.8,299.8,0,0.2928,0.197,0.01743,-0.3,1,0,0,0,0,0,0,0,4,3,4,0,0,0,4,0,5,0,5,0,2,0,0,0,0,0,0,0,3,0
2007,6,6.42E-05,44.5,297.22,1,0.3263,0.3031,0.017960001,-0.4,4,0,0,0,0,0,3,4,5,4,4,1,0,0,3,0,3,0,0,5,0,0,0,0,0,2,0,0,0,0
2007,7,7.7E-05,45.2,296.71,0.3,0.3535,0.3435,0.018060001,-0.5,5,0,0,1,0,0,4,5,0,2,0,2,0,0,3,0,3,0,0,5,0,0,0,3,0,2,0,0,0,0
2007,8,0.0001002,40.4,297.25,-1.3,0.3797,0.3713,0.018780001,-0.8,5,0,0,3,0,0,4,4,0,0,0,2,0,0,0,0,1,0,0,5,0,0,0,2,0,2,1,0,0,0
2007,9,6.63E-05,46.5,297.3,-1.4,0.3548,0.3642,0.018449999,-1.1,5,1,4,3,0,5,5,4,0,0,0,2,5,5,0,0,0,0,0,5,0,0,0,4,0,1,2,0,0,0
2007,10,6.92E-05,44.7,297.21,-0.8,0.348,0.3334,0.018619999,-1.4,0,3,4,1,0,5,5,0,0,0,0,0,5,4,0,2,0,0,3,4,0,0,4,4,5,0,1,0,0,3
2007,11,1.87E-05,53.5,297.92,-1.1,0.2651,0.27,0.016690001,-1.5,0,4,4,2,0,5,0,0,0,0,0,0,5,4,0,2,0,0,4,4,0,3,4,4,4,0,0,0,0,3
2007,12,1.37E-05,55.8,298.42,-0.8,0.2315,0.1901,0.01541,-1.6,0,5,4,2,0,5,0,0,0,0,0,0,5,4,0,5,0,0,4,0,0,2,2,4,4,0,0,3,0,2
2008,1,6.3E-06,63.9,299.08,-0.7,0.2148,0.1405,0.01355,-1.6,5,3,0,0,5,0,0,0,0,0,0,0,0,0,0,4,2,1,2,0,5,4,4,0,2,0,0,4,5,1
2008,2,5E-07,68.2,300.17,-0.5,0.149,0.1159,0.01237,-1.4,5,0,0,0,5,0,0,0,0,0,0,0,0,0,0,4,3,1,1,0,4,4,4,0,2,0,0,4,5,1
2008,3,1E-07,69.2,301.65,-0.6,0.1199,0.1069,0.01167,-1.2,5,0,0,0,4,0,0,0,3,0,4,0,0,0,0,0,4,2,2,0,4,5,3,0,1,0,0,0,4,0
2008,4,1.35E-05,56.9,301.54,-1.1,0.1744,0.1273,0.01386,-0.9,0,0,0,0,3,0,1,0,3,3,4,0,0,0,0,0,2,3,3,0,2,0,2,0,0,0,0,0,3,0
2008,5,2.98E-05,51.7,300.19,-0.5,0.2659,0.1845,0.015799999,-0.8,0,0,0,0,0,0,0,0,4,3,4,0,0,0,2,0,3,0,4,5,1,0,0,0,0,0,0,0,2,0
2008,6,8.13E-05,44.3,297.48,1.8,0.325,0.2767,0.017550001,-0.5,0,0,0,0,0,0,4,2,4,3,4,3,0,0,2,0,1,0,3,5,0,0,0,0,0,4,0,0,0,0
2008,7,6.53E-05,45.7,296.84,0.2,0.346,0.3464,0.017829999,-0.4,1,2,0,0,0,0,5,4,0,3,0,3,0,0,1,0,1,0,1,4,0,0,0,2,0,5,0,0,0,0
2008,8,7.7E-05,45.1,297.14,-1.3,0.361,0.3512,0.01857,-0.3,4,0,0,0,0,0,5,5,0,0,0,3,0,0,1,0,2,0,1,4,0,0,0,2,0,5,1,0,0,0
2008,9,7.29E-05,46,297.54,-1.3,0.3567,0.3567,0.018920001,-0.3,5,0,5,0,0,5,5,3,0,0,0,4,4,5,0,0,3,0,0,3,0,0,0,1,0,0,2,0,0,0
2008,10,5.82E-05,46.6,297.63,-1.1,0.3337,0.3305,0.0186,-0.4,4,0,5,0,0,4,3,0,0,0,0,4,3,5,0,2,3,0,0,2,0,0,3,1,4,0,1,0,0,2
2008,11,2.62E-05,52,298.44,-1.4,0.2756,0.2608,0.01712,-0.6,5,0,5,0,0,4,0,0,0,0,0,0,3,5,0,2,3,0,0,1,0,1,2,1,4,0,0,0,0,2
2008,12,7.5E-06,59.8,298.42,-0.5,0.2158,0.1848,0.0149,-0.7,5,0,5,0,0,4,0,0,0,0,0,0,2,5,0,5,4,0,0,0,0,3,1,1,4,0,0,0,0,2
2009,1,5.1E-06,62.3,299.27,-0.5,0.1867,0.1353,0.01406,-0.8,5,1,0,0,5,0,0,0,0,0,0,0,0,0,0,4,5,2,0,0,5,5,2,0,2,0,0,1,3,1
2009,2,9.8E-06,61.4,299.39,-0.5,0.1791,0.1148,0.01387,-0.7,5,1,0,0,5,0,0,0,0,0,0,0,0,0,0,4,5,3,0,0,4,3,1,0,2,0,0,2,2,1
2009,3,1E-07,67.3,301.89,-0.6,0.1462,0.1071,0.01236,-0.5,5,4,0,0,4,0,0,0,4,3,2,0,0,0,0,0,5,1,0,0,4,3,2,0,0,0,0,2,2,0
2009,4,6E-07,63.6,302.79,-0.9,0.1406,0.1262,0.01297,-0.2,5,0,0,0,2,0,0,0,4,3,3,0,0,0,3,0,5,4,0,0,3,0,0,0,0,0,0,3,2,0
2009,5,2.6E-06,60.7,302.31,-0.9,0.1902,0.1731,0.01387,0.1,5,1,0,0,0,0,0,0,4,3,3,0,0,0,4,0,5,0,0,2,2,0,0,0,0,0,0,0,2,0
2009,6,2.94E-05,53.4,299.82,-0.1,0.2708,0.241,0.01647,0.4,5,5,0,0,0,0,4,2,4,3,3,5,0,0,4,0,5,0,0,2,0,0,0,0,0,4,0,0,0,0
2009,7,4.83E-05,48.8,298.09,0.5,0.2981,0.2843,0.017510001,0.5,0,1,0,0,0,0,5,2,0,3,0,5,0,0,4,0,5,0,0,2,0,0,0,0,0,3,0,0,0,0
2009,8,5.88E-05,47,297.67,-0.3,0.3173,0.3037,0.018200001,0.5,0,0,0,0,0,0,4,3,0,0,0,5,0,0,4,0,5,0,0,3,0,0,0,0,0,1,0,0,0,0
2009,9,3.64E-05,53.7,298.64,-2.1,0.3074,0.3142,0.017729999,0.7,0,0,5,2,0,4,3,4,0,0,0,5,5,4,0,0,5,0,0,3,0,0,2,2,0,1,4,0,0,2
2009,10,1.73E-05,53.2,299.4,-1.2,0.2632,0.266,0.016860001,1,0,2,5,2,0,5,1,0,0,0,0,5,4,3,0,2,4,0,0,3,0,0,3,2,5,0,3,0,0,2
2009,11,1.88E-05,58.1,299.7,-1.1,0.2491,0.2157,0.015799999,1.3,0,2,5,3,0,5,0,0,0,0,0,0,4,3,0,2,3,0,4,3,0,4,3,3,5,0,1,0,0,1
2009,12,3.3E-06,65.3,300.23,-0.4,0.1784,0.1569,0.01429,1.6,0,5,5,2,0,5,0,0,0,0,0,0,4,3,0,5,2,0,4,0,0,3,3,3,5,0,0,0,0,1
2010,1,4E-07,70.2,300.58,-0.5,0.134,0.1217,0.01316,1.5,0,0,0,0,4,0,0,0,0,0,0,0,0,0,0,4,5,2,0,0,5,5,2,0,2,0,0,1,3,1
2010,2,3.1E-06,66.2,303.17,-1,0.1167,0.1077,0.01312,1.3,0,0,0,0,0,0,0,0,0,0,3,0,0,0,0,4,5,3,0,0,4,3,1,0,2,0,0,2,2,1
2010,3,2.7E-06,61.1,304.56,-0.9,0.1272,0.1042,0.01353,0.9,0,0,0,0,0,0,0,0,0,0,3,0,0,0,0,0,5,1,0,0,4,3,2,0,0,0,0,2,2,0
2010,4,6.06E-05,44.5,300.85,-0.4,0.2593,0.1422,0.01739,0.4,0,0,0,0,1,0,0,2,0,0,4,0,0,0,2,0,5,4,0,0,3,0,0,0,0,0,0,3,2,0
2010,5,5.01E-05,44.4,299.74,0.2,0.2895,0.2082,0.01811,-0.1,0,5,0,0,5,0,0,2,0,0,5,0,1,0,3,0,5,0,0,2,2,0,0,0,0,0,0,0,2,0
2010,6,5.89E-05,45.4,298.73,0.1,0.3177,0.2959,0.0185,-0.6,2,0,0,0,1,0,0,5,4,2,0,1,1,0,4,0,5,0,0,2,0,0,0,0,0,4,0,0,0,0
2010,7,7.84E-05,42.4,297.55,0.1,0.3529,0.346,0.018829999,-1,0,5,0,0,0,0,0,0,5,3,0,2,2,0,4,0,5,0,0,2,0,0,0,0,0,3,0,0,0,0
2010,8,9.06E-05,42.4,297.88,-2,0.3733,0.3709,0.01926,-1.4,0,0,0,0,0,1,0,0,0,1,0,0,0,0,4,0,5,0,0,3,0,0,0,0,0,1,0,0,0,0
2010,9,7.38E-05,43.9,297.88,-1.3,0.3582,0.3593,0.01929,-1.6,0,0,3,0,0,2,0,0,0,0,0,0,4,0,1,0,5,0,0,3,0,0,2,2,0,1,4,0,0,2
2010,10,5.8E-05,48.8,297.75,-0.9,0.3344,0.3259,0.01857,-1.7,0,2,4,0,0,3,0,0,0,0,0,0,5,3,2,2,4,0,0,3,0,0,3,2,5,0,3,0,0,2
2010,11,7.25E-05,42.8,297.02,0,0.3358,0.2939,0.018449999,-1.7,0,2,5,3,0,5,0,0,0,0,0,0,3,3,3,2,3,0,4,3,0,4,3,3,5,0,1,0,0,1
2010,12,1.76E-05,58.3,298.25,-0.9,0.2483,0.2296,0.01588,-1.6,0,5,5,2,0,5,0,0,0,0,0,0,2,3,5,5,2,0,4,0,0,3,3,3,5,0,0,0,0,1
2011,1,6.8E-06,65.2,299.25,-1,0.2112,0.1581,0.01452,-1.4,1,5,0,0,5,0,0,0,0,0,0,0,0,0,0,4,5,2,0,0,5,5,2,0,2,0,0,1,3,1
2011,2,7.8E-06,63.5,299.47,-0.4,0.1694,0.1238,0.01374,-1.1,3,1,0,0,5,0,0,0,0,0,0,0,0,0,0,4,5,3,0,0,4,3,1,0,2,0,0,2,2,1
2011,3,3E-06,63.6,301.67,-1,0.1591,0.111,0.01297,-0.8,4,4,0,0,4,0,0,0,4,3,2,0,0,0,0,0,5,1,0,0,4,3,2,0,0,0,0,2,2,0
2011,4,3.75E-05,52.1,300.36,0,0.2337,0.133,0.01528,-0.6,5,0,0,0,2,0,0,0,4,3,3,0,0,0,3,0,5,4,0,0,3,0,0,0,0,0,0,3,2,0
2011,5,0.0001022,39.2,298.09,0.2,0.3321,0.2309,0.019029999,-0.5,5,1,0,0,0,0,0,0,4,3,3,0,0,0,4,0,5,0,0,2,2,0,0,0,0,0,0,0,2,0
2011,6,7.04E-05,43.8,297.69,-0.1,0.3443,0.3369,0.018789999,-0.4,5,5,0,0,0,0,4,2,4,3,3,5,0,0,4,0,5,0,0,2,0,0,0,0,0,4,0,0,0,0
2011,7,5.17E-05,48.2,297.27,-0.8,0.3413,0.3577,0.018060001,-0.5,0,1,0,0,0,0,5,2,0,3,0,5,0,0,4,0,5,0,0,2,0,0,0,0,0,3,0,0,0,0
2011,8,5.82E-05,48.1,297.68,-1.4,0.3332,0.3339,0.0186,-0.7,0,0,0,0,0,0,4,3,0,0,0,5,0,0,4,0,5,0,0,3,0,0,0,0,0,1,0,0,0,0
2011,9,6.86E-05,47.1,297.69,-1.4,0.3462,0.342,0.01897,-0.9,0,0,5,2,0,4,3,4,0,0,0,5,5,4,0,0,5,0,0,3,0,0,2,2,0,1,4,0,0,2
2011,10,7.36E-05,46.4,296.94,0,0.344,0.3277,0.018139999,-1.1,0,2,5,2,0,5,1,0,0,0,0,5,4,3,0,2,4,0,0,3,0,0,3,2,5,0,3,0,0,2
2011,11,7.12E-05,45.2,297.26,-0.7,0.3228,0.2849,0.01847,-1.1,0,2,5,3,0,5,0,0,0,0,0,0,4,3,0,2,3,0,4,3,0,4,3,3,5,0,1,0,0,1
2011,12,1.78E-05,53.9,298.12,-0.9,0.2595,0.2317,0.01663,-1,0,5,5,2,0,5,0,0,0,0,0,0,4,3,0,5,2,0,4,0,0,3,3,3,5,0,0,0,0,1
2012,1,1.7E-05,57.1,297.71,-0.2,0.2342,0.1631,0.01507,-0.8,0,4,0,0,4,0,0,1,0,0,0,0,0,5,0,5,4,2,0,0,0,0,4,0,0,0,0,1,2,4
2012,2,2.8E-06,66.6,299.8,-1,0.1954,0.1282,0.01341,-0.6,0,2,0,0,5,0,0,0,0,1,3,0,2,5,0,4,5,3,0,0,4,0,3,0,1,0,0,2,3,2
2012,3,1.27E-05,59.1,300.81,-1.2,0.1832,0.1125,0.01388,-0.5,0,0,0,0,5,0,0,0,0,0,4,0,5,0,1,4,2,5,0,0,5,0,3,0,2,0,0,0,5,2
2012,4,2.55E-05,50.6,301.27,-1.3,0.2529,0.1335,0.01564,-0.4,0,0,0,0,4,0,0,0,4,3,3,0,0,0,4,5,4,3,0,5,4,0,0,0,0,0,0,2,5,5
2012,5,3.91E-05,49.9,299.71,-0.1,0.2763,0.2016,0.01661,-0.2,0,3,0,0,3,0,0,2,0,0,0,0,0,0,5,4,2,2,0,5,3,0,0,0,0,0,0,0,2,3
2012,6,2.36E-05,55,299.07,0,0.2728,0.257,0.016170001,0.1,0,4,0,0,0,0,1,5,0,0,1,0,0,0,0,4,2,0,0,5,2,0,0,0,0,2,0,0,0,0
2012,7,5.6E-05,47.6,297.69,0.3,0.3036,0.2924,0.01743,0.3,1,5,0,0,0,0,3,4,0,1,0,0,0,0,0,4,0,1,0,5,0,3,0,0,2,0,0,0,0,0
2012,8,8.24E-05,42.8,297.52,-0.5,0.3462,0.3307,0.018519999,0.3,2,0,0,0,0,0,0,0,0,0,0,5,0,0,0,3,3,0,0,3,0,5,5,0,0,0,0,3,0,0
2012,9,5.13E-05,49.6,297.68,-1.4,0.3332,0.335,0.018449999,0.3,0,0,5,2,0,0,2,0,0,0,0,4,2,0,2,5,5,0,0,0,0,3,5,0,0,0,0,0,0,0
2012,10,7E-05,47,297.85,-1,0.331,0.3097,0.01863,0.2,0,0,2,0,0,0,0,0,0,0,0,5,4,3,4,4,5,0,0,0,0,0,5,0,0,0,3,3,0,0
2012,11,7.6E-06,60,299.62,-1.5,0.2438,0.2467,0.016039999,0,0,0,2,0,0,2,0,0,0,0,0,0,0,0,0,3,4,0,0,0,0,5,5,0,0,3,5,2,0,5
2012,12,3.8E-06,62.5,299.35,-0.5,0.1952,0.1735,0.01502,-0.2,0,0,2,0,1,3,0,0,0,0,0,0,0,3,0,3,3,0,0,0,3,4,4,0,0,4,5,2,0,5
2013,1,1.1E-06,68.3,300.1,-0.5,0.1515,0.1298,0.01365,-0.4,1,0,0,0,4,0,0,1,0,0,0,0,0,5,0,5,4,0,0,0,0,4,3,0,0,0,3,2,5,3
2013,2,5E-07,68.8,300.85,-0.6,0.1239,0.1114,0.01288,-0.3,1,0,0,0,5,0,0,0,0,1,3,0,2,5,1,1,5,0,0,0,0,5,2,0,0,0,0,2,5,0
2013,3,5E-07,65.7,303.75,-1,0.1109,0.1053,0.01273,-0.2,0,0,0,0,5,0,0,0,0,0,4,0,5,0,4,2,0,1,0,0,0,3,0,0,3,3,0,3,4,0
2013,4,3.61E-05,56.5,301.54,0.3,0.1768,0.1286,0.01472,-0.2,0,0,0,0,4,0,0,0,4,3,3,0,0,0,5,2,0,2,0,0,0,3,4,0,5,2,0,4,4,5
2013,5,1.72E-05,50,300.55,-1.3,0.2605,0.1979,0.01629,-0.3,0,0,0,0,3,0,0,2,0,0,0,0,0,0,0,0,0,2,0,0,0,0,0,3,3,4,0,0,4,5
2013,6,4.27E-05,48.4,298.22,0.8,0.2926,0.2648,0.01753,-0.3,4,0,0,0,0,0,1,5,0,0,1,0,0,0,0,2,4,0,3,5,0,0,5,0,0,3,0,0,4,4
2013,7,3.47E-05,50.6,297.58,-0.2,0.2946,0.3001,0.017069999,-0.4,5,0,0,0,0,0,3,4,0,1,0,0,0,0,0,2,4,0,3,5,0,0,5,0,0,3,0,0,0,4
2013,8,5.26E-05,47.8,297.76,-0.5,0.3118,0.3045,0.01791,-0.4,3,0,0,0,0,0,0,0,0,0,0,5,0,0,2,2,2,0,0,4,0,0,5,0,4,2,0,0,0,4
2013,9,5.21E-05,49,298.04,-1.5,0.3217,0.3221,0.018309999,-0.3,1,0,4,2,0,0,2,0,0,0,0,4,2,0,4,3,4,0,4,2,0,0,5,0,1,1,3,2,0,3
2013,10,4.59E-05,49.3,298.4,-1,0.2973,0.2899,0.01764,-0.2,1,1,5,0,0,0,0,0,0,0,0,5,4,3,0,1,5,0,5,0,0,2,5,0,3,1,4,1,0,3
2013,11,1.39E-05,55.6,298.82,-1,0.2541,0.2329,0.01591,-0.2,0,5,1,0,0,2,0,0,0,0,0,0,0,0,0,1,5,0,4,0,0,2,4,0,5,1,1,0,0,2
2013,12,5.3E-06,60.1,298.95,-0.5,0.2051,0.169,0.01487,-0.3,0,5,0,0,1,3,0,0,0,0,0,0,0,3,5,1,4,0,4,0,0,3,3,0,5,0,0,0,0,1
2014,1,4E-06,69.7,299.2,-0.5,0.1721,0.1291,0.0134,-0.4,1,0,0,0,0,0,0,0,0,0,0,0,0,3,0,0,5,0,5,0,2,3,4,0,2,3,0,0,4,3
2014,2,1E-07,70,300.52,-0.6,0.1353,0.1114,0.01291,-0.4,1,0,0,0,5,0,0,0,0,0,0,0,1,0,0,2,1,0,2,0,0,4,3,0,4,2,0,0,5,5
2014,3,0,70.9,302.49,-0.7,0.1139,0.1054,0.01208,-0.2,0,0,0,0,5,0,0,0,0,0,1,0,2,0,0,2,0,0,4,0,0,1,0,0,3,0,0,0,5,5
2014,4,1.05E-05,60.6,301.7,-0.7,0.1692,0.1266,0.01417,0.1,0,0,0,0,4,0,0,0,2,0,2,0,2,0,0,2,1,0,5,0,0,0,0,0,5,2,0,2,4,4
2014,5,1.37E-05,54.4,300.96,-1,0.2456,0.1776,0.0153,0.3,0,0,0,0,0,0,0,0,1,0,2,0,2,0,0,3,1,0,4,2,0,0,2,0,4,3,0,0,2,2
2014,6,4.4E-05,49.5,298.9,0.9,0.287,0.2465,0.01715,0.2,5,0,0,0,0,0,0,1,0,0,0,0,0,0,0,0,1,0,4,5,0,0,4,5,5,4,0,2,0,0
2014,7,4.16E-05,47.8,297.41,0.4,0.3025,0.2986,0.0176,0.1,3,0,0,0,0,0,0,5,0,0,0,1,0,0,0,0,2,0,0,2,0,0,5,4,4,5,0,2,0,0
2014,8,6.01E-05,44.9,297.54,-0.6,0.3269,0.3102,0.01832,0,1,0,0,0,0,0,0,2,0,3,0,2,0,0,0,1,2,0,0,2,0,0,5,3,3,0,0,3,0,0
2014,9,4.95E-05,50.1,297.74,-1.2,0.3262,0.3209,0.01819,0.2,1,0,1,0,0,1,0,0,0,2,0,4,0,0,4,2,2,0,0,0,0,0,5,0,2,0,0,0,0,0
2014,10,6.89E-05,46.2,297.65,-0.8,0.3278,0.304,0.01826,0.4,1,1,3,0,0,2,2,0,0,0,0,5,0,0,5,2,1,0,0,2,0,2,5,0,1,2,0,4,0,0
2014,11,1.63E-05,55.2,298.95,-1.2,0.2541,0.2414,0.0163,0.6,0,5,4,0,0,0,3,0,0,0,0,5,1,5,0,1,0,0,0,3,0,1,5,0,2,0,0,5,0,4
2014,12,1.7E-06,65.4,299.9,-0.7,0.1935,0.1743,0.01468,0.7,0,5,2,0,0,0,1,0,0,0,0,1,2,5,0,1,0,0,0,2,0,0,5,0,0,0,1,4,0,5
2015,1,1.3E-06,68,300.45,-0.6,0.1507,0.1295,0.01318,0.6,0,0,0,0,0,3,0,0,2,0,0,0,0,0,0,3,0,0,3,0,0,5,4,0,0,0,3,3,2,4
2015,2,7E-07,69.9,301.79,-0.6,0.1198,0.1107,0.01268,0.6,0,0,0,0,0,3,0,0,2,0,1,0,0,0,0,3,0,0,3,0,0,3,1,0,0,0,0,2,2,1
2015,3,7.2E-06,65.4,301.6,-0.6,0.1333,0.1053,0.0132,0.6,0,0,0,0,5,3,0,0,4,0,2,0,0,0,0,2,0,2,5,3,2,3,0,0,0,0,0,0,5,5
2015,4,3.4E-06,62.2,302.42,-0.9,0.1579,0.1263,0.01351,0.8,0,0,0,0,5,0,0,0,1,0,3,0,0,0,0,2,1,2,2,0,2,5,0,1,2,0,0,0,5,4
2015,5,8E-06,56.3,301.07,-0.4,0.2077,0.1748,0.01521,1,0,0,0,4,3,0,2,3,0,3,2,0,0,0,0,1,2,2,2,0,1,4,0,2,2,0,0,0,5,3
2015,6,3.81E-05,47.9,298.41,0.9,0.2838,0.2494,0.01733,1.2,1,0,0,3,0,0,4,5,0,5,0,5,2,0,0,0,4,0,3,0,0,3,0,0,0,3,2,0,4,2
2015,7,3.84E-05,48,297.61,0,0.3019,0.2984,0.01767,1.5,2,0,0,1,0,0,2,4,0,2,0,5,5,0,0,3,5,0,2,1,2,0,0,0,0,5,0,3,3,1
2015,8,3.98E-05,48.4,298.56,-1.1,0.2934,0.2943,0.017890001,1.8,0,0,5,0,0,0,1,1,0,0,0,5,3,0,1,1,5,0,0,4,2,0,0,0,0,4,0,0,0,0
2015,9,3.05E-05,52.4,299.24,-2.1,0.2947,0.2955,0.01809,2.1,2,0,3,0,0,0,0,0,0,0,0,0,0,3,3,2,4,0,0,4,1,0,5,2,0,3,0,0,0,0
2015,10,2.85E-05,52.3,299.73,-1.4,0.2762,0.261,0.01763,2.4,0,0,3,0,0,0,0,0,0,0,0,0,0,0,5,5,3,0,0,1,1,0,5,0,0,0,0,2,0,0
2015,11,5.5E-06,57.9,300.35,-1,0.2284,0.2076,0.01546,2.5,0,0,1,0,0,3,0,0,0,0,0,0,0,5,1,2,4,0,4,0,0,1,5,0,0,0,5,1,0,0
2015,12,3E-07,65.9,300.59,-0.2,0.1628,0.1515,0.014,2.6,0,0,0,0,0,2,0,0,0,0,0,0,0,5,0,2,4,0,4,0,0,3,5,0,0,2,5,0,0,5
2016,1,0,70.8,301.06,-0.5,0.1244,0.1192,0.01298,2.5,0,0,0,0,0,3,0,0,2,0,0,0,0,0,0,4,4,0,3,0,0,5,3,0,0,0,3,3,5,4
2016,2,0,71.8,302.51,-0.8,0.1084,0.1066,0.0123,2.2,0,0,0,0,0,3,0,0,2,0,1,0,0,0,0,4,3,0,5,0,0,4,2,0,0,0,1,2,5,3
2016,3,1.3E-06,67.8,303.93,-0.8,0.1042,0.1034,0.01276,1.7,0,0,0,0,5,3,0,0,4,0,2,0,0,0,0,5,4,0,3,0,0,4,2,0,0,0,0,2,5,3
2016,4,3.4E-05,48.5,302.7,-0.6,0.2172,0.127,0.016009999,1,0,0,0,0,5,0,0,0,1,0,3,0,0,0,0,4,4,0,4,0,0,0,0,0,0,0,0,2,5,2
2016,5,4.69E-05,44.1,300.16,-0.2,0.2896,0.1947,0.017890001,0.5,0,0,0,4,3,0,2,3,0,3,2,0,0,0,0,1,4,0,3,0,0,0,0,5,0,0,0,0,4,1
2016,6,6.04E-05,46.2,298.43,0.9,0.3168,0.281,0.01812,0,1,0,0,3,0,0,4,5,0,5,0,5,2,0,0,1,5,0,2,2,0,0,1,5,0,0,0,0,0,0
2016,7,5.13E-05,45.7,297.75,-0.4,0.3206,0.3246,0.01815,-0.3,2,0,0,1,0,0,2,4,0,2,0,5,5,0,0,1,3,0,1,5,0,0,5,5,0,0,0,0,0,0
2016,8,6.4E-05,45.7,298.01,-1.3,0.3386,0.3297,0.01877,-0.6,0,0,5,0,0,0,1,1,0,0,0,5,3,0,1,2,2,0,0,5,0,0,5,4,0,0,0,0,0,0
2016,9,6.73E-05,46,297.87,-1.2,0.3442,0.3383,0.018750001,-0.7,2,0,3,0,0,0,0,0,0,0,0,0,0,3,3,0,0,0,3,2,0,0,5,3,3,0,5,5,0,0
2016,10,4.31E-05,47.1,298.81,-1.8,0.3082,0.3016,0.01863,-0.7,0,0,3,0,0,0,0,0,0,0,0,0,0,0,5,0,0,0,2,2,0,0,5,3,5,0,5,5,0,2
2016,11,4.98E-05,43.6,298.82,-0.8,0.2924,0.2464,0.01859,-0.7,0,0,1,0,0,3,0,0,0,0,0,0,0,5,1,0,3,1,3,0,0,5,5,0,5,5,3,4,0,4
2016,12,1.88E-05,52.7,298.26,-0.6,0.2575,0.1985,0.016319999,-0.6,0,0,0,0,0,2,0,0,0,0,0,0,0,5,0,0,2,1,4,0,0,4,4,0,4,5,2,4,0,4
2017,1,1E-07,65.7,300.01,-0.6,0.1861,0.1442,0.01338,-0.3,0,0,0,0,0,3,0,0,2,0,0,0,0,0,0,0,5,2,0,0,5,5,2,0,2,0,0,1,3,1
2017,2,3.5E-06,63.3,301.33,-0.5,0.1382,0.1165,0.01311,-0.1,0,0,0,0,0,3,0,0,2,0,1,0,0,0,0,0,5,3,0,0,4,3,1,0,2,0,0,2,2,1
2017,3,9.2E-06,57.2,302.29,-0.9,0.1567,0.1076,0.01379,0.1,0,0,0,0,5,3,0,0,4,0,2,0,0,0,0,0,5,1,0,0,4,3,2,0,0,0,0,2,2,0
2017,4,4.7E-06,60,303.39,-0.8,0.1821,0.1272,0.01328,0.3,3,0,0,0,5,0,0,0,1,0,3,0,0,0,0,0,5,4,0,0,3,0,0,0,0,0,0,3,2,0
2017,5,2.76E-05,49.8,301.01,-0.9,0.2599,0.1836,0.016650001,0.4,2,0,0,0,3,0,2,3,0,3,2,0,0,0,0,0,5,0,0,2,2,0,0,0,0,0,0,0,2,0
2017,6,6.75E-05,41.5,298.54,1.6,0.3146,0.2678,0.01829,0.4,2,0,0,0,0,0,4,5,0,5,0,5,2,0,0,0,5,0,0,2,0,0,0,0,0,4,0,0,0,0
2017,7,8.49E-05,40.9,297.64,-0.2,0.3536,0.339,0.018829999,0.2,3,0,0,0,0,0,2,4,0,2,0,5,5,0,0,0,5,0,0,2,0,0,0,0,0,3,0,0,0,0
2017,8,5.56E-05,45.2,298.15,-1.7,0.3349,0.3421,0.01871,-0.1,3,0,5,0,0,0,1,1,0,0,0,5,3,0,1,0,5,0,0,3,0,0,0,0,0,1,0,0,0,0
2017,9,5.98E-05,46.1,298.41,-1.9,0.335,0.3395,0.019200001,-0.4,0,0,3,0,0,0,0,0,0,0,0,0,0,3,3,0,5,0,0,3,0,0,2,2,0,1,4,0,0,2
2017,10,4.08E-05,45.9,298.68,-1.5,0.3038,0.3091,0.01829,-0.7,0,0,3,0,0,0,0,0,0,0,0,0,0,0,5,0,4,0,0,3,0,0,3,2,5,0,3,0,0,2
2017,11,8.2E-06,55.5,300.23,-1.6,0.2439,0.2366,0.01605,-0.9,0,0,1,0,0,3,0,0,0,0,0,0,0,5,1,0,3,0,4,3,0,4,3,3,5,0,1,0,0,1
2017,12,3.5E-06,63.5,300.15,-0.3,0.1758,0.1655,0.01425,-1,0,0,0,0,0,2,0,0,0,0,0,0,0,5,0,0,2,0,4,0,0,3,3,3,5,0,0,0,0,1
